pid,code,duration,code_score,A/C,M/F,code_count,engagement_score,norm_engagement_score
0,"['Approach', 'None']","[2720, 2960]","[3, 4]",Child,Female,2,20000,1.2538511141362756
1,"['Approach', 'None']","[5520, 6320]","[3, 4]",Child,Female,2,41840,3.2098588521888654
2,"['Approach', 'None']","[9240, 15600]","[3, 4]",Child,Male,2,90120,7.5338539800816795
3,"['Approach', 'None']","[5920, 6360]","[3, 4]",Child,Male,2,43200,3.331661531847818
5,"['Approach', 'None']","[4160, 7760]","[3, 4]",Child,Male,2,43520,3.3603209858852185
8,"['Approach', 'None']","[8640, 16480]","[3, 4]",Adult,Female,2,91840,7.687898545532708
9,"['Approach', 'None']","[6000, 6640]","[3, 4]",Adult,Female,2,44560,3.453464211506771
13,"['Approach', 'None']","[6880, 13520]","[3, 4]",Adult,Female,2,74720,6.154617754531777
16,"['Approach', 'None']","[5200, 20960]","[3, 4]",Adult,Female,2,99440,8.368560578920972
18,"['Approach', 'None']","[5040, 7440]","[3, 4]",Child,Male,2,44880,3.4821236655441714
19,"['Approach', 'None']","[9280, 19120]","[3, 4]",Child,Male,2,104320,8.80561725299133
20,"['Approach', 'None']","[3520, 14160]","[3, 4]",Child,Male,2,67200,5.481120584652863
21,"['Approach', 'None']","[6000, 960]","[3, 4]",Child,Male,2,21840,1.4186429748513292
22,"['Approach', 'None']","[8720, 17520]","[3, 4]",Child,Male,2,96240,8.081966038546966
23,"['Approach', 'None']","[12160, 5520]","[3, 4]",Adult,Female,2,58560,4.707315325643046
24,"['Approach', 'Touch', 'None', 'Gesture']","[3120, 3280, 3840, 4960]","[3, 5, 4, 5]",Adult,Female,4,65920,5.36648276850326
25,"['Approach', 'None', 'None']","[8160, 34160, 15280]","[3, 4, 4]",Adult,Female,3,222240,19.366626065773445
26,"['Approach', 'None']","[2560, 15200]","[3, 4]",Adult,Female,2,68480,5.595758400802465
27,"['Approach', 'Touch', 'None']","[1280, 2960, 6080]","[3, 5, 4]",Adult,Female,3,42960,3.3101669413197676
28,"['Approach', 'None', 'Touch', 'None', 'None', 'Touch', 'None', 'Touch']","[40680, 18880, 4720, 39040, 9280, 7440, 2480, 6000]","[3, 4, 5, 4, 4, 5, 4, 5]",Adult,Female,8,491560,43.487139070000715
29,"['Approach', 'None', 'Touch', 'None', 'Touch', 'None']","[5920, 4720, 1280, 3600, 6720, 12000]","[3, 4, 5, 4, 5, 4]",Child,Male,6,139040,11.915168016049295
30,"['Approach', 'None', 'Touch', 'None']","[36400, 5440, 3920, 3200]","[3, 4, 5, 4]",Child,Female,4,163360,14.093286522891738
31,"['Approach', 'None']","[27120, 9600]","[3, 4]",Child,Male,2,119760,10.18843591029591
33,"['Approach', 'None', 'Touch', 'None', 'Gesture', 'None']","[9760, 14480, 13840, 7520, 9520, 8800]","[3, 4, 5, 4, 5, 4]",Child,Female,6,269280,23.579565809271333
37,"['Avoid', 'None']","[7160, 13240]","[2, 4]",Child,Female,2,67280,5.4882854481622125
38,"['Follow', 'None']","[8640, 4000]","[2, 4]",Child,Female,2,33280,2.4432184566884
39,"['Approach', 'Gesture', 'None', 'Gesture', 'Touch', 'None', 'Gesture', 'None', 'Touch', 'None', 'Gesture', 'None']","[8080, 1760, 2560, 2320, 3040, 16160, 5680, 4320, 19200, 10000, 7040, 8000]","[3, 5, 4, 5, 5, 4, 5, 4, 5, 4, 5, 4]",Child,Female,12,383600,33.8181557641327
41,"['Avoid', 'None']","[7960, 10720]","[2, 4]",Child,Female,2,58800,4.728809916171097
44,"['Approach', 'Gesture', 'None']","[8480, 5160, 77440]","[3, 5, 4]",Adult,Male,3,361000,31.794081822741276
46,"['Avoid', 'None', 'Touch']","[7360, 7040, 7600]","[2, 4, 5]",Adult,Male,3,80880,6.706312244751738
47,"['Approach', 'None']","[10160, 45040]","[3, 4]",Adult,Female,2,210640,18.327720856917676
51,"['Avoid', 'None']","[12960, 23200]","[2, 4]",Adult,Female,2,118720,10.095292684674357
59,"['Approach', 'None']","[5200, 7600]","[3, 4]",Child,Male,2,46000,3.5824317546750737
60,"['Approach', 'None']","[7680, 6480]","[3, 4]",Child,Male,2,48960,3.847531704521029
61,"['Approach', 'Gesture']","[5360, 3360]","[3, 5]",Adult,Female,2,32880,2.4073941391416493
62,"['Approach', 'Gesture']","[3520, 3120]","[3, 5]",Child,Male,2,26160,1.805545604356237
63,"['Approach', 'None']","[17520, 10720]","[3, 4]",Adult,Female,2,95440,8.010317403453463
64,"['Approach', 'Touch', 'Gesture']","[17840, 5120, 1200]","[3, 5, 5]",Child,Male,3,85120,7.086050010747296
68,"['Approach', 'Gesture']","[3800, 2480]","[3, 5]",Child,Male,2,23800,1.5941821308304076
77,"['Approach', 'None']","[9280, 16000]","[3, 4]",Adult,Male,2,91840,7.687898545532708
78,"['Approach', 'None', 'Gesture', 'None']","[7680, 800, 3920, 3840]","[3, 4, 5, 4]",Adult,Female,4,61200,4.943755821451601
79,"['Approach', 'None', 'Gesture', 'Gesture']","[9120, 6080, 2880, 3680]","[3, 4, 5, 5]",Child,Female,4,84480,7.028731102672495
80,"['Approach', 'Gesture', 'None', 'Gesture']","[4400, 2000, 6160, 4240]","[3, 5, 4, 5]",Child,Male,4,69040,5.645912445367916
81,"['Approach', 'Gesture', 'None']","[10560, 13080, 5360]","[3, 5, 4]",Child,Male,3,118520,10.077380525900983
82,"['Approach', 'Gesture']","[5760, 4960]","[3, 5]",Child,Male,2,42080,3.231353442716916
84,"['Approach', 'None']","[3200, 1920]","[3, 4]",Child,Female,2,17280,1.0102457548183708
85,"['Approach', 'None', 'Touch', 'None', 'Touch', 'None']","[10000, 1600, 2320, 11120, 2560, 29520]","[3, 4, 5, 4, 5, 4]",Child,Female,6,223360,19.46693415490435
87,"['Approach', 'None', 'Gesture']","[9040, 5280, 4000]","[3, 4, 5]",Child,Female,3,68240,5.574263810274414
88,"['Approach', 'None']","[7280, 47840]","[3, 4]",Child,Female,2,213200,18.556996489216882
90,"['Approach', 'None']","[4000, 4240]","[3, 4]",Adult,Female,2,28960,2.056315827183492
91,"['Approach', 'None', 'Touch']","[9760, 3040, 10280]","[3, 4, 5]",Adult,Female,3,92840,7.777459339399584
92,"['Approach', 'None']","[5520, 19920]","[3, 4]",Adult,Female,2,96240,8.081966038546966
94,"['Approach', 'None']","[11280, 17120]","[3, 4]",Adult,Male,2,102320,8.626495665257577
96,"['Approach', 'None']","[7200, 24240]","[3, 4]",Adult,Female,2,118560,10.080962957655656
98,"['Approach', 'None']","[8880, 65440]","[3, 4]",Child,Male,2,288400,25.29196818800602
100,"['Approach', 'None']","[8560, 5520]","[3, 4]",Adult,Female,2,47760,3.7400587518807766
107,"['Approach', 'None']","[11120, 1600]","[3, 4]",Adult,Male,2,39760,3.023572400945762
110,"['Approach', 'None', 'Gesture', 'None']","[7760, 8400, 4400, 6160]","[3, 4, 5, 4]",Adult,Male,4,103520,8.73396861789783
115,"['Approach', 'None', 'Touch', 'None', 'None']","[12800, 5200, 7120, 2080, 4480]","[3, 4, 5, 4, 4]",Child,Female,5,121040,10.303073726445511
117,"['Follow', 'None']","[5680, 8480]","[2, 4]",Adult,Male,2,45280,3.5179479830909224
118,"['Approach', 'None', 'Touch', 'None']","[6000, 1440, 6320, 14960]","[3, 4, 5, 4]",Adult,Male,4,115200,9.78003869026295
119,"['Approach', 'None', 'Gesture', 'None', 'Touch', 'None', 'Touch', 'None', 'Touch', 'None', 'Touch']","[7760, 5200, 3440, 1920, 3040, 35960, 3840, 40000, 4640, 45920, 6560]","[3, 4, 5, 4, 5, 4, 5, 4, 5, 4, 5]",Adult,Male,11,646880,57.39772157340403
120,"['Approach', 'Touch', 'None', 'Touch', 'None']","[3360, 13360, 5760, 3200, 6080]","[3, 5, 4, 5, 4]",Adult,Male,5,140240,12.022640968689547
121,"['Approach', 'None']","[1800, 25920]","[3, 4]",Adult,Male,2,109080,9.231926631797664
123,"['Avoid', 'None', 'Touch']","[3680, 5120, 3400]","[2, 4, 5]",Adult,Male,3,44840,3.4785412337894965
126,"['Approach', 'None', 'Touch', 'None']","[7600, 1520, 11120, 10480]","[3, 4, 5, 4]",Child,Female,4,126400,10.78311958157197
127,"['Approach', 'None']","[6880, 20640]","[3, 4]",Child,Female,2,103200,8.705309163860427
128,"['Approach', 'None']","[3520, 3040]","[3, 4]",Child,Female,2,22720,1.4974564734541806
129,"['Approach', 'None', 'Touch', 'None', 'Touch', 'None', 'Touch', 'Gesture', 'None', 'Gesture', 'None']","[2320, 11200, 5440, 2720, 6000, 2400, 3680, 6120, 600, 2480, 47400]","[3, 4, 5, 4, 5, 4, 5, 5, 4, 5, 4]",Child,Female,11,382840,33.75008956079387
130,"['Approach', 'None']","[3040, 5680]","[3, 4]",Child,Female,2,31840,2.3142509135200973
131,"['Approach', 'Touch']","[4160, 2880]","[3, 5]",Child,Female,2,26880,1.8700293759403883
132,"['Approach', 'Touch']","[6320, 2960]","[3, 5]",Child,Female,2,33760,2.486207637744501
133,"['Approach', 'None', 'Touch']","[3200, 2880, 4000]","[3, 4, 5]",Child,Female,3,41120,3.145375080604715
134,"['Approach', 'Touch']","[5680, 2200]","[3, 5]",Child,Female,2,28040,1.9739198968259657
135,"['Approach', 'None', 'Approach', 'None']","[7920, 8160, 4240, 6320]","[3, 4, 3, 4]",Child,Female,4,94400,7.917174177831912
136,"['Approach', 'None', 'Touch']","[5040, 2560, 3440]","[3, 4, 5]",Child,Female,3,42560,3.2743426237730167
137,"['Approach', 'None', 'Touch', 'None']","[3680, 1760, 3440, 11040]","[3, 4, 5, 4]",Child,Female,4,79440,6.577344701583435
139,"['Approach', 'None']","[3200, 3520]","[3, 4]",Child,Female,2,23680,1.5834348355663823
140,"['Approach', 'Touch', 'None']","[3120, 4160, 9120]","[3, 5, 4]",Child,Female,3,66640,5.430966540087411
141,"['Approach', 'None']","[18800, 1600]","[3, 4]",Adult,Female,2,62800,5.087053091638604
142,"['Approach', 'None']","[9040, 5040]","[3, 4]",Adult,Male,2,47280,3.697069570824676
143,"['Approach', 'Touch', 'None']","[6540, 2880, 33120]","[3, 5, 4]",Child,Male,3,166500,14.374507415633733
144,"['Approach', 'None', 'Touch', 'None']","[8080, 9600, 8160, 18240]","[3, 4, 5, 4]",Child,Male,4,176400,15.261159274915812
147,"['Approach', 'None']","[8000, 131440]","[3, 4]",Adult,Female,2,549760,48.699577273052945
148,"['Approach', 'Gesture', 'None']","[3040, 3040, 26480]","[3, 5, 4]",Adult,Female,3,130240,11.127033030020778
149,"['Approach', 'None']","[2960, 30400]","[3, 4]",Adult,Female,2,130480,11.148527620548828
150,"['Approach', 'None']","[11520, 7840]","[3, 4]",Adult,Female,2,65920,5.36648276850326
151,"['Approach', 'Touch']","[5120, 9520]","[3, 5]",Child,Male,2,62960,5.101382818657305
152,"['Approach', 'None']","[3280, 79680]","[3, 4]",Child,Male,2,328560,28.888729669699792
153,"['Approach', 'None', 'Gesture', 'Touch', 'None']","[8400, 24800, 2240, 5120, 29120]","[3, 4, 5, 5, 4]",Child,Male,5,277680,24.3318764777531
154,"['Approach', 'None']","[3200, 6880]","[3, 4]",Child,Male,2,37120,2.787131905137207
155,"['Approach', 'Touch', 'Gesture', 'None']","[7840, 17760, 6000, 6960]","[3, 5, 5, 4]",Child,Male,4,170160,14.702299921186501
156,"['Follow', 'Gesture']","[17440, 4560]","[2, 5]",Child,Male,2,57680,4.6285018270401945
158,"['Approach', 'None']","[7360, 7440]","[3, 4]",Adult,Female,2,51840,4.105466790857634
159,"['Approach', 'Touch', 'None', 'Touch', 'None']","[11520, 12480, 4880, 2800, 16320]","[3, 5, 4, 5, 4]",Child,Male,5,195760,16.99505624417855
160,"['Approach', 'Touch', 'None']","[7520, 14400, 30960]","[3, 5, 4]",Child,Male,3,218400,19.02271261732464
161,"['Approach', 'None']","[7440, 3360]","[3, 4]",Child,Male,2,35760,2.6653292254782546
162,"['Approach', 'Touch']","[7440, 9200]","[3, 5]",Adult,Female,2,68320,5.581428673783765
163,"['Approach', 'None']","[10560, 10960]","[3, 4]",Adult,Female,2,75520,6.226266389625278
164,"['Approach', 'Touch', 'None', 'Touch', 'None', 'Touch', 'None']","[3320, 3840, 17280, 3680, 27360, 38840, 7840]","[3, 5, 4, 5, 4, 5, 4]",Adult,Female,7,451680,39.91545461058967
165,"['Approach', 'Touch', 'None']","[3520, 4400, 10880]","[3, 5, 4]",Adult,Female,3,76080,6.276420434190729
166,"['Approach', 'Touch']","[6560, 8080]","[3, 5]",Adult,Female,2,60080,4.8434477323206995
168,"['Approach', 'Gesture', 'None', 'Touch', 'None', 'Touch', 'None', 'Touch']","[7840, 6400, 24480, 8880, 6800, 13520, 1600, 10400]","[3, 5, 4, 5, 4, 5, 4, 5]",Adult,Female,8,351040,30.90205631582718
169,"['Approach', 'Gesture', 'None']","[2880, 2880, 9360]","[3, 5, 4]",Adult,Male,3,60480,4.87927204986745
170,"['Approach', 'None', 'Gesture', 'None', 'None']","[16480, 26240, 2320, 7760, 13440]","[3, 4, 5, 4, 4]",Adult,Male,5,250800,21.92448233861145
171,"['Approach', 'None', 'Touch', 'None']","[6000, 2560, 9840, 4160]","[3, 4, 5, 4]",Adult,Male,4,94080,7.888514723794511
172,"['Approach', 'None']","[2800, 6960]","[3, 4]",Adult,Male,2,36240,2.7083184065343557
173,"['Approach', 'None']","[11360, 6720]","[3, 4]",Adult,Male,2,60960,4.922261230923551
175,"['Approach', 'None']","[9520, 38080]","[3, 4]",Adult,Male,2,180880,15.662391631439421
176,"['Approach', 'None']","[17280, 3360]","[3, 4]",Adult,Male,2,65280,5.309163860428459
177,"['Approach', 'None', 'Gesture', 'None', 'Gesture']","[3600, 2640, 7440, 3040, 3240]","[3, 4, 5, 4, 5]",Child,Male,5,86920,7.2472594397076735
178,"['Approach', 'None', 'Gesture', 'None']","[10640, 10800, 7840, 10000]","[3, 4, 5, 4]",Child,Male,4,154320,13.283656946335173
179,"['Approach', 'None', 'Touch', 'None', 'Touch', 'None', 'Touch', 'Gesture', 'None', 'Gesture', 'None']","[5120, 11080, 4000, 15280, 4800, 29600, 2800, 5200, 7840, 6320, 12240]","[3, 4, 5, 4, 5, 4, 5, 5, 4, 5, 4]",Child,Male,11,435120,38.43232786415419
180,"['Approach', 'None']","[10800, 8080]","[3, 4]",Child,Male,2,64720,5.259009815863007
182,"['Approach', 'None', 'Gesture', 'None', 'Touch', 'None', 'Gesture', 'None', 'Gesture']","[5680, 2880, 7280, 53920, 4400, 30480, 2400, 2960, 7760]","[3, 4, 5, 4, 5, 4, 5, 4, 5]",Child,Male,9,487200,43.09665400874113
183,"['Approach', 'None', 'Gesture', 'None', 'Touch', 'None']","[8000, 8320, 5160, 8880, 4560, 11760]","[3, 4, 5, 4, 5, 4]",Child,Male,6,188440,16.33947123307301
184,"['Approach', 'Gesture', 'None']","[7360, 7200, 11200]","[3, 5, 4]",Child,Male,3,102880,8.676649709823028
185,"['Approach', 'Gesture', 'None', 'Gesture', 'None']","[10240, 7520, 3040, 3520, 16080]","[3, 5, 4, 5, 4]",Child,Male,5,162400,14.007308160779536
190,"['Approach', 'Touch', 'Gesture', 'Touch', 'Gesture']","[5280, 6120, 4720, 32080, 7360]","[3, 5, 5, 5, 5]",Child,Female,5,267240,23.396861789782903
191,"['Approach', 'Touch']","[4560, 36800]","[3, 5]",Child,Female,2,197680,17.167012968402954
192,"['Approach', 'Touch']","[11040, 44880]","[3, 5]",Child,Female,2,257520,22.526330873396862
193,"['Approach', 'Touch']","[6960, 26160]","[3, 5]",Child,Female,2,151680,13.047216450526616
194,"['Approach', 'None']","[6160, 9680]","[3, 4]",Child,Female,2,57200,4.585512645984094
195,"['Approach', 'Gesture', 'Touch', 'Touch', 'Touch', 'None', 'Touch', 'Touch', 'Touch']","[6000, 5320, 14400, 11160, 6200, 3000, 16520, 17800, 24280]","[3, 5, 5, 5, 5, 4, 5, 5, 5]",Child,Female,9,508400,44.99534283871892
204,"['Approach', 'None']","[23440, 45040]","[3, 4]",Child,Female,2,250480,21.89582288457405
205,"['Approach', 'Touch']","[19760, 13120]","[3, 5]",Child,Female,2,124880,10.646987174894317
206,"['Approach', 'None', 'Gesture']","[3360, 71040, 12680]","[3, 4, 5]",Child,Female,3,357640,31.49315755534857
207,"['Approach', 'None']","[10000, 22760]","[3, 4]",Child,Male,2,121040,10.303073726445511
208,"['Approach', 'None']","[9040, 2960]","[3, 4]",Child,Male,2,38960,2.9519237658522606
209,"['Approach', 'None']","[15920, 8560]","[3, 4]",Child,Female,2,82000,6.8066203338826385
210,"['Approach', 'None']","[8960, 37040]","[3, 4]",Child,Female,2,175040,15.139356595256862
211,"['Approach', 'Gesture']","[18160, 45360]","[3, 5]",Child,Female,2,281280,24.654295335673858
212,"['Approach', 'Touch']","[6480, 49040]","[3, 5]",Child,Male,2,264640,23.164003725729025
215,"['Follow', 'Touch']","[13840, 19600]","[2, 5]",Child,Male,2,125680,10.71863580998782
216,"['Approach', 'None']","[4640, 11280]","[3, 4]",Child,Female,2,59040,4.750304506699147
217,"['Approach', 'Touch']","[4080, 52560]","[3, 5]",Child,Female,2,275040,24.095435981944544
218,"['Approach', 'Touch']","[2880, 86720]","[3, 5]",Child,Female,2,442240,39.070000716486355
219,"['Approach', 'None']","[13120, 8320]","[3, 4]",Child,Female,2,72640,5.9683313032886725
220,"['Approach', 'Touch']","[6160, 2640]","[3, 5]",Child,Female,2,31680,2.2999211865013973
222,"['Approach', 'Touch']","[4000, 63920]","[3, 5]",Child,Female,2,331600,29.1609944830551
223,"['Approach', 'None']","[5920, 38960]","[3, 4]",Child,Female,2,173600,15.010389052088557
224,"['Approach', 'None']","[6400, 5120]","[3, 4]",Child,Female,2,39680,3.016407537436412
225,"['Approach', 'Touch']","[8000, 32000]","[3, 5]",Child,Female,2,184000,15.941821308304077
226,"['Approach', 'None', 'Touch']","[9760, 11840, 93120]","[3, 4, 5]",Child,Female,3,542240,48.02608010317403
229,"['Approach', 'Touch']","[2720, 94640]","[3, 5]",Child,Female,2,481360,42.57361897255858
230,"['Approach', 'None']","[4720, 14640]","[3, 4]",Child,Female,2,72720,5.975496166798022
231,"['Approach', 'None']","[4320, 22400]","[3, 4]",Child,Female,2,102560,8.647990255785627
232,"['Approach', 'None']","[8560, 12880]","[3, 4]",Child,Female,2,77200,6.37672852332163
233,"['Approach', 'Touch']","[3360, 2880]","[3, 5]",Child,Male,2,24480,1.6550834706598838
234,"['Approach', 'Touch']","[4960, 4240]","[3, 5]",Child,Male,2,36080,2.6939886795156553
235,"['Approach', 'Touch']","[3960, 33960]","[3, 5]",Child,Male,2,181680,15.734040266532922
236,"['Approach', 'Touch']","[2320, 56560]","[3, 5]",Child,Male,2,289760,25.41377086766497
243,"['Approach', 'None']","[11520, 10320]","[3, 4]",Child,Male,2,75840,6.2549258436626785
244,"['Approach', 'None']","[5600, 3440]","[3, 4]",Child,Male,2,30560,2.199613097370495
245,"['Approach', 'None', 'Touch']","[7120, 8960, 22720]","[3, 4, 5]",Child,Male,3,170800,14.759618829261303
246,"['Approach', 'Touch']","[4240, 45120]","[3, 5]",Child,Male,2,238320,20.806763631152826
247,"['Approach', 'Touch']","[2080, 12560]","[3, 5]",Child,Male,2,69040,5.645912445367916
251,"['Approach', 'Touch']","[11680, 81920]","[3, 5]",Child,Male,2,444640,39.284946621766856
252,"['Approach', 'None']","[2640, 23760]","[3, 4]",Child,Male,2,102960,8.683814573332379
253,"['Approach', 'None']","[4800, 33280]","[3, 4]",Child,Male,2,147520,12.67464354804041
254,"['Approach', 'Touch', 'Touch', 'Touch']","[2000, 63680, 95680, 4080]","[3, 5, 5, 5]",Child,Male,4,823200,73.18908074801175
257,"['Approach', 'None']","[7680, 83840]","[3, 4]",Child,Female,2,358400,31.561223758687397
258,"['Approach', 'Touch', 'None']","[8400, 56800, 22240]","[3, 5, 4]",Child,Female,3,398160,35.122160922834425
259,"['Approach', 'None']","[7440, 6000]","[3, 4]",Child,Female,2,46320,3.611091208712474
260,"['Approach', 'Touch']","[4160, 4800]","[3, 5]",Child,Female,2,36480,2.7298129970624063
261,"['Approach', 'Gesture']","[2080, 4160]","[3, 5]",Child,Male,2,27040,1.8843591029590885
263,"['Approach', 'Touch']","[5840, 35600]","[3, 5]",Child,Male,2,195520,16.9735616536505
264,"['Approach', 'None']","[10080, 16720]","[3, 4]",Child,Male,2,97120,8.160779537149818
265,"['Approach', 'None']","[6400, 83680]","[3, 4]",Child,Male,2,353920,31.15999140216379
266,"['Approach', 'None']","[4480, 6480]","[3, 4]",Child,Male,2,39360,2.987748083399011
268,"['Approach', 'None']","[2240, 13200]","[3, 4]",Child,Male,2,59520,4.7932936877552486
269,"['Approach', 'None', 'None']","[4720, 6080, 20960]","[3, 4, 4]",Child,Male,3,122320,10.417711542595114
270,"['Approach', 'None']","[6880, 9040]","[3, 4]",Child,Female,2,56800,4.549688328437343
271,"['Approach', 'None']","[5200, 31760]","[3, 4]",Child,Female,2,142640,12.23758687397005
272,"['Approach', 'None']","[10240, 10720]","[3, 4]",Child,Female,2,73600,6.054309665400874
273,"['Approach', 'None', 'None']","[6320, 41280, 18080]","[3, 4, 4]",Child,Female,3,256400,22.42602278426596
274,"['Approach', 'None']","[12720, 37600]","[3, 4]",Child,Male,2,188560,16.350218528337034
275,"['Approach', 'None']","[17200, 59760]","[3, 4]",Child,Male,2,290640,25.492584366267824
276,"['Approach', 'None']","[8960, 3040]","[3, 4]",Child,Male,2,39040,2.9590886293616108
277,"['Approach', 'None']","[7360, 2880]","[3, 4]",Child,Female,2,33600,2.4718779107258007
280,"['Approach', 'None']","[9360, 149920]","[3, 4]",Child,Male,2,627760,55.68531919466935
281,"['Approach', 'Touch']","[6240, 30080]","[3, 5]",Child,Male,2,169120,14.609156695564948
282,"['Approach', 'None']","[2800, 10880]","[3, 4]",Child,Male,2,51920,4.112631654366984
283,"['Approach', 'None']","[4320, 13040]","[3, 4]",Child,Male,2,65120,5.294834133409759
284,"['Approach', 'None']","[34160, 2960]","[3, 4]",Child,Female,2,114320,9.701225191660098
285,"['Approach', 'None']","[4800, 20560]","[3, 4]",Child,Female,2,96640,8.117790356093717
286,"['Approach', 'None']","[3600, 3440]","[3, 4]",Child,Female,2,24560,1.6622483341692342
287,"['Approach', 'None']","[8800, 10880]","[3, 4]",Child,Female,2,69920,5.724725943970768
289,"['Follow', 'None']","[13600, 17680]","[2, 4]",Child,Female,2,97920,8.232428172243319
290,"['Approach', 'None', 'Touch']","[3920, 73200, 29920]","[3, 4, 5]",Child,Female,3,454160,40.137565379379524
291,"['Approach', 'None']","[7280, 20080]","[3, 4]",Child,Female,2,102160,8.612165938238876
292,"['Approach', 'Touch']","[4320, 32560]","[3, 5]",Child,Female,2,175760,15.203840366841012
293,"['Approach', 'Touch', 'Gesture', 'Touch']","[7120, 27680, 16000, 33840]","[3, 5, 5, 5]",Child,Male,4,408960,36.08941749659669
295,"['Approach', 'None']","[5200, 38880]","[3, 4]",Adult,Female,2,171120,14.788278283298704
296,"['Approach', 'None']","[5280, 15840]","[3, 4]",Adult,Female,2,79200,6.555850111055385
297,"['Approach', 'Gesture']","[9600, 9920]","[3, 5]",Adult,Female,2,78400,6.484201475961883
302,"['Approach', 'Gesture', 'Touch']","[5360, 18080, 4160]","[3, 5, 5]",Child,Male,3,127280,10.861933080174822
303,"['Approach', 'Gesture']","[5200, 3200]","[3, 5]",Child,Male,2,31600,2.292756322992047
305,"['Approach', 'None']","[15520, 640]","[3, 4]",Child,Female,2,49120,3.8618614315397295
307,"['Approach', 'Gesture']","[11200, 26560]","[3, 5]",Child,Female,2,166400,14.365551336247046
308,"['Approach', 'Touch']","[7760, 44080]","[3, 5]",Child,Female,2,243680,21.28680948627929
309,"['Approach', 'Touch']","[3840, 55840]","[3, 5]",Child,Female,2,290720,25.499749229777173
312,"['Approach', 'None']","[6800, 2240]","[3, 4]",Child,Male,2,29360,2.092140144730243
313,"['Approach', 'None']","[9280, 29280]","[3, 4]",Child,Male,2,144960,12.445367915741205
314,"['Approach', 'None']","[9520, 5520]","[3, 4]",Child,Male,2,50640,3.997993838217382
316,"['Approach', 'Touch']","[7920, 18080]","[3, 5]",Child,Male,2,114160,9.686895464641399
317,"['Approach', 'Gesture', 'Touch', 'Gesture']","[4720, 6960, 12880, 27360]","[3, 5, 5, 5]",Child,Male,4,250160,21.86716343053665
320,"['Approach', 'None']","[8960, 32480]","[3, 4]",Adult,Female,2,156800,13.505767715125028
321,"['Approach', 'Touch']","[5280, 71840]","[3, 5]",Adult,Female,2,375040,33.05151536863223
322,"['Approach', 'None', 'None']","[6800, 3440, 11600]","[3, 4, 4]",Adult,Female,3,80560,6.677652790714336
323,"['Approach', 'None']","[7760, 3440]","[3, 4]",Adult,Female,2,37040,2.779967041627857
324,"['Approach', 'None']","[7840, 9440]","[3, 4]",Adult,Female,2,61280,4.950920684960951
325,"['Approach', 'None']","[6240, 24000]","[3, 4]",Adult,Female,2,114720,9.73704950920685
326,"['Approach', 'None']","[6880, 3840]","[3, 4]",Adult,Female,2,36000,2.686823816006305
328,"['Approach', 'Touch']","[12400, 2080]","[3, 5]",Child,Female,2,47600,3.7257290248620762
329,"['Approach', 'Touch', 'Touch', 'None', 'Touch', 'None', 'Touch', 'None']","[6160, 6560, 134880, 5680, 10240, 3200, 2800, 8720]","[3, 5, 5, 4, 5, 4, 5, 4]",Child,Female,8,861280,76.59955577846243
330,"['Approach', 'None', 'Touch', 'Gesture', 'None', 'None', 'Touch', 'None', 'Touch', 'None']","[2160, 2320, 3360, 4800, 0, 3040, 3440, 640, 69680, 8400]","[3, 4, 5, 5, 4, 4, 5, 4, 5, 4]",Child,Female,10,470480,41.599197535286955
332,"['Approach', 'Touch', 'None', 'Touch', 'None']","[11360, 6160, 1520, 3840, 9040]","[3, 5, 4, 5, 4]",Child,Male,5,126320,10.775954718062621
333,"['Approach', 'None', 'Touch']","[5120, 14800, 13120]","[3, 4, 5]",Child,Male,3,140160,12.015476105180197
335,"['Approach', 'Touch', 'None']","[5600, 44880, 9120]","[3, 5, 4]",Child,Male,3,277680,24.3318764777531
337,"['Approach', 'Gesture']","[15360, 4160]","[3, 5]",Child,Male,2,66880,5.452461130615462
338,"['Approach', 'None']","[2800, 2720]","[3, 4]",Child,Male,2,19280,1.1893673425521243
340,"['Approach', 'Touch']","[8000, 3840]","[3, 5]",Child,Male,2,43200,3.331661531847818
341,"['Approach', 'Touch', 'None', 'Touch', 'None']","[2560, 2640, 9280, 9840, 5440]","[3, 5, 4, 5, 4]",Child,Male,5,128960,11.012395213871176
342,"['Approach', 'None', 'Touch', 'None', 'Touch', 'None']","[4800, 3280, 2320, 8400, 3440, 22400]","[3, 4, 5, 4, 5, 4]",Child,Male,6,179520,15.540588951780467
343,"['Approach', 'None']","[6720, 10880]","[3, 4]",Child,Male,2,63680,5.165866590241456
344,"['Approach', 'None']","[3840, 3200]","[3, 4]",Child,Male,2,24320,1.6407537436411836
346,"['Pass', 'Gesture']","[18640, 7920]","[1, 5]",Adult,Female,2,58240,4.6786558716056454
348,"['Approach', 'Touch', 'None', 'Touch']","[5440, 9920, 1360, 6080]","[3, 5, 4, 5]",Child,Male,4,101760,8.576341620692125
352,"['Approach', 'Touch', 'None', 'Touch', 'None', 'Touch', 'None']","[2320, 8560, 27440, 3840, 7440, 4080, 7200]","[3, 5, 4, 5, 4, 5, 4]",Child,Male,7,257680,22.540660600415563
353,"['Approach', 'Touch', 'Gesture', 'None', 'Touch', 'None']","[4480, 6240, 2160, 7000, 5280, 12160]","[3, 5, 5, 4, 5, 4]",Child,Male,6,158480,13.656229848821381
354,"['Approach', 'None']","[3840, 7600]","[3, 4]",Child,Male,2,41920,3.217023715698216
357,"['Approach', 'None']","[10800, 43920]","[3, 4]",Child,Male,2,208080,18.09844522461847
358,"['Approach', 'None']","[6400, 12000]","[3, 4]",Child,Male,2,67200,5.481120584652863
359,"['Approach', 'None']","[4080, 49280]","[3, 4]",Adult,Female,2,209360,18.213083040768076
360,"['Approach', 'None']","[9760, 11040]","[3, 4]",Adult,Female,2,73440,6.0399799383821735
361,"['Approach', 'Touch', 'None', 'Touch', 'None']","[2640, 12800, 1160, 6080, 11840]","[3, 5, 4, 5, 4]",Adult,Male,5,154320,13.283656946335173
363,"['Approach', 'Touch', 'None', 'Touch', 'None']","[3200, 9600, 12560, 5280, 3680]","[3, 5, 4, 5, 4]",Child,Male,5,148960,12.803611091208714
364,"['Approach', 'Touch', 'None']","[12240, 5840, 48720]","[3, 5, 4]",Adult,Male,3,260800,22.820090277280215
365,"['Approach', 'Touch', 'None', 'Touch', 'None']","[2400, 2240, 26800, 3200, 8880]","[3, 5, 4, 5, 4]",Adult,Male,5,177120,15.325643046499964
366,"['Approach', 'None']","[5360, 25280]","[3, 4]",Adult,Male,2,117200,9.959160277996704
367,"['Approach', 'None', 'Touch', 'None', 'Touch', 'None', 'Touch', 'None']","[2320, 640, 2800, 7760, 2480, 21920, 25600, 6080]","[3, 4, 5, 4, 5, 4, 5, 4]",Adult,Male,8,306960,26.95421652217525
368,"['Approach', 'None']","[10480, 8080]","[3, 4]",Adult,Female,2,63760,5.173031453750806
369,"['Approach', 'Touch', 'None']","[2160, 2000, 36000]","[3, 5, 4]",Adult,Female,3,160480,13.835351436555134
370,"['Approach', 'Touch', 'None', 'Touch', 'None', 'Touch', 'None', 'Touch', 'Touch', 'None', 'None', 'Touch', 'None', 'Touch', 'None']","[2880, 6320, 240, 3680, 2880, 4240, 3440, 5280, 2800, 0, 14560, 3920, 11760, 1520, 82480]","[3, 5, 4, 5, 4, 5, 4, 5, 5, 4, 4, 5, 4, 5, 4]",Adult,Female,15,608880,53.9944114064627
371,"['Approach', 'None', 'Touch', 'None', 'Touch', 'Approach', 'Gesture', 'Approach', 'Touch', 'Approach', 'Gesture', 'None']","[2080, 6800, 8800, 9760, 4320, 960, 2240, 12640, 2240, 2080, 25760, 24000]","[3, 4, 5, 4, 5, 3, 5, 3, 5, 3, 5, 4]",Adult,Female,12,432320,38.18155764132693
372,"['Approach', 'None', 'Touch', 'None']","[4240, 2080, 2800, 50480]","[3, 4, 5, 4]",Child,Male,4,236960,20.684960951493874
373,"['Approach', 'None']","[5520, 40000]","[3, 4]",Child,Male,2,176560,15.275489001934513
374,"['Approach', 'Touch', 'None', 'Touch', 'None', 'Touch', 'None', 'Touch', 'None', 'Touch', 'None']","[13200, 4240, 15840, 3040, 1680, 5520, 2160, 3040, 10320, 7040, 8240]","[3, 5, 4, 5, 4, 5, 4, 5, 4, 5, 4]",Child,Male,11,306960,26.95421652217525
375,"['Approach', 'Gesture']","[5920, 5760]","[3, 5]",Child,Male,2,46560,3.6325857992405246
380,"['Approach', 'None', 'Touch', 'None', 'Touch', 'None', 'Touch', 'None']","[10880, 1200, 2400, 880, 2320, 14880, 3840, 11440]","[3, 4, 5, 4, 5, 4, 5, 4]",Adult,Male,8,189040,16.39320770939314
381,"['Approach', 'None', 'Touch', 'None', 'Gesture', 'Touch', 'None', 'Touch']","[3120, 2160, 2760, 8280, 3360, 2160, 10800, 2400]","[3, 4, 5, 4, 5, 5, 4, 5]",Adult,Male,8,147720,12.692555706813785
382,"['Approach', 'None']","[5120, 7840]","[3, 4]",Adult,Female,2,46720,3.646915526259225
383,"['Approach', 'Touch', 'None', 'Touch', 'None', 'Touch', 'None']","[4080, 13360, 3600, 2080, 5680, 9760, 23600]","[3, 5, 4, 5, 4, 5, 4]",Adult,Female,7,269760,23.622554990327433
384,"['Approach', 'Gesture', 'None']","[1680, 2240, 16560]","[3, 5, 4]",Adult,Female,3,82480,6.84960951493874
385,"['Approach', 'None']","[12240, 4000]","[3, 4]",Adult,Female,2,52720,4.184280289460486
386,"['Pass', 'Gesture', 'None', 'Gesture']","[17760, 9440, 1040, 7360]","[1, 5, 4, 5]",Adult,Female,4,105920,8.948914523178333
387,"['Approach', 'None', 'Touch', 'None']","[3680, 12480, 3760, 5680]","[3, 4, 5, 4]",Child,Male,4,102480,8.640825392276277
388,"['Approach', 'None', 'Touch']","[3360, 8400, 9120]","[3, 4, 5]",Child,Male,3,89280,7.458622913233503
389,"['Approach', 'None']","[2320, 1040]","[3, 4]",Child,Male,2,11120,0.45855126459840945
390,"['Approach', 'Touch', 'None', 'Touch', 'None', 'Touch']","[2080, 10080, 1840, 6720, 320, 3840]","[3, 5, 4, 5, 4, 5]",Child,Male,6,118080,10.037973776599555
391,"['Approach', 'Touch']","[1440, 1200]","[3, 5]",Child,Male,2,10320,0.3869026295049079
392,"['Approach', 'Gesture']","[4240, 7200]","[3, 5]",Child,Male,2,48720,3.8260371139929785
393,"['Approach', 'None', 'Touch']","[3600, 4160, 13520]","[3, 4, 5]",Child,Male,3,95040,7.974493085906713
397,"['Pass', 'Gesture', 'Touch']","[17680, 1120, 2320]","[1, 5, 5]",Adult,Male,3,34880,2.586515726875403
398,"['Approach', 'None']","[11680, 18640]","[3, 4]",Adult,Male,2,109600,9.278498244608441
399,"['Approach', 'None']","[14240, 14080]","[3, 4]",Adult,Male,2,99040,8.33273626137422
400,"['Approach', 'Touch']","[4320, 13520]","[3, 5]",Child,Female,2,80560,6.677652790714336
404,"['Approach', 'None']","[2240, 22160]","[3, 4]",Adult,Female,2,95360,8.003152539944114
405,"['Approach', 'None']","[4560, 36400]","[3, 4]",Adult,Female,2,159280,13.727878483914882
406,"['Approach', 'None']","[4400, 23680]","[3, 4]",Adult,Female,2,107920,9.128036110912086
407,"['Approach', 'Touch', 'None']","[3840, 1440, 20400]","[3, 5, 4]",Adult,Female,3,100320,8.447374077523822
408,"['Approach', 'None']","[13520, 61280]","[3, 4]",Adult,Female,2,285680,25.048362828688113
409,"['Approach', 'None']","[4960, 28560]","[3, 4]",Adult,Female,2,129120,11.026724940889876
410,"['Approach', 'None']","[12960, 26720]","[3, 4]",Adult,Female,2,145760,12.517016550834706
411,"['Approach', 'None']","[3200, 16160]","[3, 4]",Adult,Female,2,74240,6.1116285734756755
414,"['Approach', 'Touch', 'None']","[2800, 12320, 8480]","[3, 5, 4]",Child,Male,3,103920,8.76979293544458
415,"['Approach', 'None', 'Touch', 'None']","[2560, 3440, 2080, 15760]","[3, 4, 5, 4]",Child,Male,4,94880,7.960163358888013
416,"['Approach', 'Touch', 'None', 'Touch', 'None', 'Touch', 'None']","[2400, 3520, 3280, 15760, 3520, 2640, 3680]","[3, 5, 4, 5, 4, 5, 4]",Child,Male,7,158720,13.677724439349431
417,"['Approach', 'None']","[2640, 4000]","[3, 4]",Child,Male,2,23920,1.6049294260944327
418,"['Approach', 'Touch', 'None']","[2800, 1360, 15920]","[3, 5, 4]",Child,Male,3,78880,6.527190657017984
419,"['Approach', 'Touch']","[1200, 22160]","[3, 5]",Child,Male,2,114400,9.708390055169449
420,"['Approach', 'None']","[15520, 24800]","[3, 4]",Child,Male,2,145760,12.517016550834706
421,"['Approach', 'None']","[3200, 30800]","[3, 4]",Child,Male,2,132800,11.356308662319984
422,"['Approach', 'Touch', 'None']","[2640, 17440, 15840]","[3, 5, 4]",Child,Male,3,158480,13.656229848821381
423,"['Approach', 'Touch', 'None', 'Touch']","[7040, 6560, 11280, 10400]","[3, 5, 4, 5]",Child,Male,4,151040,12.989897542451818
427,"['Approach', 'None', 'Touch', 'None', 'Touch', 'None']","[7200, 21600, 4480, 8480, 4160, 2400]","[3, 4, 5, 4, 5, 4]",Child,Female,6,194720,16.901913018556996
428,"['Approach', 'Touch', 'None', 'Touch', 'None', 'Touch', 'None', 'Touch', 'None', 'Gesture', 'None']","[1360, 2080, 8000, 2880, 4240, 3040, 10800, 1760, 4000, 2800, 3600]","[3, 5, 4, 5, 4, 5, 4, 5, 4, 5, 4]",Child,Female,11,189440,16.42903202693989
429,"['Approach', 'None']","[2960, 12320]","[3, 4]",Child,Female,2,58160,4.671491008096296
430,"['Approach', 'Touch']","[1040, 3600]","[3, 5]",Child,Female,2,21120,1.3541592032671779
431,"['Approach', 'None', 'Touch']","[2560, 3440, 3360]","[3, 4, 5]",Child,Female,3,38240,2.8874399942681093
432,"['Approach', 'None', 'Gesture', 'None']","[8400, 1200, 5840, 7680]","[3, 4, 5, 4]",Child,Female,4,89920,7.515941821308305
438,"['Approach', 'None', 'Gesture', 'None', 'Gesture', 'None', 'Gesture', 'None', 'Gesture', 'None', 'Touch', 'None']","[7440, 21040, 4240, 1920, 3760, 2080, 3280, 2640, 2960, 9280, 3760, 8560]","[3, 4, 5, 4, 5, 4, 5, 4, 5, 4, 5, 4]",Adult,Male,12,294400,25.829332951207277
439,"['Approach', 'None']","[3520, 9520]","[3, 4]",Adult,Male,2,48640,3.8188722504836283
440,"['Approach', 'None']","[4960, 2400]","[3, 4]",Adult,Male,2,24480,1.6550834706598838
442,"['Approach', 'Touch', 'None', 'Touch', 'None', 'Gesture', 'None']","[12000, 2400, 13360, 1680, 7600, 3200, 2560]","[3, 5, 4, 5, 4, 5, 4]",Adult,Female,7,166480,14.372716199756393
443,"['Approach', 'None']","[3840, 2720]","[3, 4]",Adult,Male,2,22400,1.46879701941678
444,"['Approach', 'Touch', 'None', 'Touch', 'None']","[1920, 2960, 20160, 5520, 14640]","[3, 5, 4, 5, 4]",Adult,Male,5,187360,16.24274557569678
445,"['Approach', 'Touch']","[5520, 2560]","[3, 5]",Adult,Male,2,29360,2.092140144730243
446,"['Approach', 'None', 'None', 'Touch', 'None', 'Touch', 'None', 'Gesture', 'None']","[3440, 33920, 12000, 5120, 14560, 5040, 2000, 3760, 7760]","[3, 4, 4, 5, 4, 5, 4, 5, 4]",Child,Male,9,360880,31.78333452747725
448,"['Approach', 'None']","[4400, 19040]","[3, 4]",Adult,Male,2,89360,7.465787776742854
450,"['Approach', 'Gesture', 'None']","[3840, 5280, 12160]","[3, 5, 4]",Child,Female,3,86560,7.215017553915598
451,"['Approach', 'Touch', 'None']","[2240, 2400, 5440]","[3, 5, 4]",Child,Male,3,40480,3.0880561725299134
453,"['Approach', 'Touch', 'None']","[8440, 4000, 22720]","[3, 5, 4]",Adult,Female,3,136200,11.660815361467364
454,"['Approach', 'Touch', 'None', 'Touch', 'None', 'Touch', 'None']","[3760, 3920, 7280, 6480, 12080, 4320, 32480]","[3, 5, 4, 5, 4, 5, 4]",Adult,Female,7,292240,25.635881636454826
455,"['Avoid', 'None']","[4320, 17360]","[2, 4]",Adult,Female,2,78080,6.455542021924482
456,"['Approach', 'None']","[7040, 36960]","[3, 4]",Child,Male,2,168960,14.594826968546249
457,"['Approach', 'None', 'Touch', 'None']","[6880, 1520, 8560, 41280]","[3, 4, 5, 4]",Child,Male,4,234640,20.47717990972272
458,"['Approach', 'None', 'Touch', 'None']","[8000, 6560, 2240, 15440]","[3, 4, 5, 4]",Child,Male,4,123200,10.496525041197966
459,"['Approach', 'Touch', 'None', 'Touch', 'None', 'Touch', 'None']","[2160, 17520, 19120, 15120, 2320, 2160, 10400]","[3, 5, 4, 5, 4, 5, 4]",Child,Male,7,307840,27.033030020778103
460,"['Approach', 'None', 'Touch', 'None', 'Touch', 'None']","[4400, 1600, 2800, 880, 3920, 19680]","[3, 4, 5, 4, 5, 4]",Child,Male,6,135440,11.592749158128537
461,"['Approach', 'Gesture', 'None']","[1280, 6480, 13520]","[3, 5, 4]",Child,Male,3,90320,7.551766138855055
462,"['Approach', 'None', 'Touch', 'None']","[7440, 7360, 2000, 14960]","[3, 4, 5, 4]",Child,Male,4,121600,10.353227771010962
463,"['Approach', 'Touch']","[3200, 22960]","[3, 5]",Child,Male,2,124400,10.603997993838217
464,"['Approach', 'None']","[1840, 8400]","[3, 4]",Child,Male,2,39120,2.9662534928709605
465,"['Approach', 'Touch', 'None', 'Touch']","[4080, 4960, 1120, 7760]","[3, 5, 4, 5]",Child,Male,4,80320,6.656158200186287
467,"['Approach', 'None']","[7200, 8480]","[3, 4]",Child,Male,2,55520,4.435050512287741
468,"['Approach', 'None']","[5200, 1760]","[3, 4]",Child,Male,2,22640,1.4902916099448307
469,"['Approach', 'Gesture']","[3520, 2640]","[3, 5]",Child,Male,2,23760,1.5905996990757325
470,"['Approach', 'None', 'Gesture', 'None', 'Gesture']","[2960, 1440, 6240, 5200, 8440]","[3, 4, 5, 4, 5]",Child,Male,5,108840,9.210432041269614
471,"['Approach', 'None']","[5360, 7920]","[3, 4]",Child,Male,2,47760,3.7400587518807766
473,"['Approach', 'Gesture', 'None', 'Gesture', 'None']","[8080, 3120, 2080, 3920, 3120]","[3, 5, 4, 5, 4]",Child,Female,5,80240,6.648993336676937
475,"['Approach', 'None']","[5600, 11840]","[3, 4]",Child,Female,2,64160,5.208855771297557
476,"['Approach', 'None']","[19040, 11840]","[3, 4]",Adult,Female,2,104480,8.81994698001003
478,"['Approach', 'None']","[15600, 10480]","[3, 4]",Adult,Female,2,88720,7.408468868668051
479,"['Approach', 'None']","[10080, 131200]","[3, 4]",Adult,Male,2,555040,49.17245826467006
480,"['Approach', 'None']","[6320, 38160]","[3, 4]",Adult,Male,2,171600,14.831267464354806
486,"['Approach', 'None']","[10240, 19200]","[3, 4]",Adult,Female,2,107520,9.092211793365337
487,"['Approach', 'None']","[7840, 1760]","[3, 4]",Child,Male,2,30560,2.199613097370495
489,"['Approach', 'Gesture', 'None']","[2320, 3200, 28320]","[3, 5, 4]",Child,Male,3,136240,11.66439779322204
490,"['Approach', 'None']","[2560, 6720]","[3, 4]",Child,Male,2,34560,2.5578562728380025
491,"['Approach', 'None']","[10080, 22000]","[3, 4]",Child,Male,2,118240,10.052303503618257
492,"['Approach', 'None']","[5680, 38240]","[3, 4]",Child,Male,2,170000,14.687970194167802
493,"['Approach', 'None']","[4960, 8320]","[3, 4]",Child,Male,2,48160,3.7758830694275276
495,"['Approach', 'None']","[5520, 15920]","[3, 4]",Adult,Male,2,80240,6.648993336676937
496,"['Approach', 'None']","[2160, 12240]","[3, 4]",Adult,Male,2,55440,4.427885648778391
497,"['Approach', 'None']","[4720, 27360]","[3, 4]",Adult,Male,2,123600,10.532349358744716
498,"['Approach', 'None']","[2160, 12960]","[3, 4]",Adult,Male,2,58320,4.685820735114996
499,"['Approach', 'None', 'None', 'Touch']","[3360, 3000, 16000, 0]","[3, 4, 4, 5]",Adult,Male,4,86080,7.172028372859497
500,"['Approach', 'None', 'Touch', 'None']","[3120, 9200, 3600, 9840]","[3, 4, 5, 4]",Adult,Male,4,103520,8.73396861789783
501,"['Approach', 'None']","[4480, 18240]","[3, 4]",Adult,Male,2,86400,7.200687826896898
503,"['Approach', 'None']","[5440, 155200]","[3, 4]",Child,Female,2,637120,56.52360822526331
504,"['Approach', 'None', 'Touch', 'None', 'Touch', 'None']","[5360, 3280, 3040, 1920, 6720, 5680]","[3, 4, 5, 4, 5, 4]",Child,Female,6,108400,9.171025291968188
505,"['Approach', 'None']","[13360, 15360]","[3, 4]",Child,Female,2,101520,8.554847030164076
506,"['Approach', 'None']","[14000, 17040]","[3, 4]",Adult,Female,2,110160,9.328652289173892
508,"['Approach', 'None']","[13280, 27680]","[3, 4]",Adult,Female,2,150560,12.946908361395714
509,"['Approach', 'None']","[6880, 95920]","[3, 4]",Adult,Female,2,404320,35.67385541305438
510,"['Approach', 'None']","[12880, 13880]","[3, 4]",Adult,Female,2,94160,7.895679587303863
515,"['Approach', 'None']","[8720, 3040]","[3, 4]",Adult,Female,2,38320,2.8946048577774595
516,"['Approach', 'None']","[5840, 6160]","[3, 4]",Adult,Male,2,42160,3.2385183062262666
517,"['Approach', 'None']","[8240, 3040]","[3, 4]",Child,Male,2,36880,2.765637314609157
518,"['Approach', 'None']","[5680, 9200]","[3, 4]",Child,Male,2,53840,4.284588378591388
523,"['Pass', 'Gesture']","[6880, 9840]","[1, 5]",Child,Male,2,56080,4.4852045568531915
526,"['Approach', 'None']","[14800, 6000]","[3, 4]",Adult,Female,2,68400,5.588593537293115
527,"['Approach', 'None']","[8640, 34400]","[3, 4]",Adult,Female,2,163520,14.107616249910441
529,"['Approach', 'Gesture']","[12960, 7680]","[3, 5]",Adult,Male,2,77280,6.383893386830981
530,"['Approach', 'None']","[6720, 10640]","[3, 4]",Adult,Male,2,62720,5.079888228129255
532,"['Approach', 'None', 'Touch']","[4080, 1760, 28960]","[3, 4, 5]",Child,Male,3,164080,14.157770294475892
534,"['Approach', 'None']","[8480, 15040]","[3, 4]",Adult,Female,2,85600,7.129039191803396
536,"['Approach', 'None']","[7040, 10560]","[3, 4]",Adult,Male,2,63360,5.137207136204055
538,"['Approach', 'None']","[8000, 7840]","[3, 4]",Child,Male,2,55360,4.420720785269041
541,"['Approach', 'None']","[5920, 6720]","[3, 4]",Child,Male,2,44640,3.460629075016121
545,"['Approach', 'Touch', 'None']","[14880, 4160, 4800]","[3, 5, 4]",Adult,Male,3,84640,7.0430608296911945
547,"['Approach', 'Gesture', 'None']","[5600, 2720, 6560]","[3, 5, 4]",Adult,Male,3,56640,4.535358601418643
548,"['Approach', 'None', 'Touch', 'None', 'Touch', 'None']","[5760, 1600, 1920, 4800, 3040, 2080]","[3, 4, 5, 4, 5, 4]",Adult,Male,6,76000,6.269255570681379
549,"['Approach', 'None']","[6400, 2240]","[3, 4]",Adult,Male,2,28160,1.9846671920899908
550,"['Approach', 'None', 'None']","[6960, 2160, 8240]","[3, 4, 4]",Adult,Male,3,62480,5.0583936376012035
551,"['Approach', 'Gesture', 'None']","[10000, 4800, 560]","[3, 5, 4]",Child,Male,3,56240,4.499534283871892
553,"['Approach', 'Gesture']","[2320, 9840]","[3, 5]",Child,Male,2,56160,4.492369420362542
554,"['Approach', 'Gesture', 'None', 'Gesture', 'None']","[1680, 3920, 3920, 2400, 1200]","[3, 5, 4, 5, 4]",Child,Male,5,57120,4.578347782474744
558,"['Approach', 'Touch', 'None']","[1520, 4000, 10320]","[3, 5, 4]",Child,Male,3,65840,5.35931790499391
559,"['Approach', 'Touch', 'None']","[4480, 7520, 25280]","[3, 5, 4]",Child,Male,3,152160,13.09020563158272
560,"['Approach', 'None']","[4720, 46160]","[3, 4]",Child,Male,2,198800,17.267321057533856
561,"['Approach', 'None']","[3760, 2480]","[3, 4]",Child,Male,2,21200,1.3613240667765278
562,"['Approach', 'Touch', 'None']","[6000, 6320, 10880]","[3, 5, 4]",Child,Male,3,93120,7.802536361682309
565,"['Approach', 'Gesture', 'None']","[15360, 3520, 17760]","[3, 5, 4]",Adult,Female,3,134720,11.528265386544387
566,"['Approach', 'Gesture', 'None']","[16160, 2960, 19760]","[3, 5, 4]",Child,Male,3,142320,12.20892741993265
567,"['Approach', 'None', 'Gesture', 'None', 'Touch', 'None']","[17360, 2160, 2240, 1200, 1840, 13200]","[3, 4, 5, 4, 5, 4]",Child,Male,6,138720,11.886508562011894
579,"['Approach', 'None']","[6160, 3040]","[3, 4]",Adult,Female,2,30640,2.2067779608798452
582,"['Approach', 'None', 'Gesture', 'None', 'Touch', 'None']","[4160, 10000, 9200, 640, 1920, 6880]","[3, 4, 5, 4, 5, 4]",Child,Male,6,138160,11.836354517446443
585,"['Approach', 'None']","[6800, 29200]","[3, 4]",Child,Male,2,137200,11.75037615533424
586,"['Approach', 'None']","[5680, 3680]","[3, 4]",Child,Male,2,31760,2.307086050010747
587,"['Approach', 'Touch', 'None', 'Gesture']","[6640, 9440, 4160, 2720]","[3, 5, 4, 5]",Child,Male,4,97360,8.182274127677868
588,"['Approach', 'Touch', 'None']","[2880, 3760, 4640]","[3, 5, 4]",Child,Male,3,46000,3.5824317546750737
590,"['Approach', 'None', 'Touch', 'None']","[8320, 9760, 6400, 35840]","[3, 4, 5, 4]",Child,Male,4,239360,20.89990685677438
601,"['Approach', 'Touch', 'None', 'Touch', 'None', 'Touch', 'None', 'Touch', 'None', 'Touch', 'None', 'Touch', 'None']","[15360, 4960, 12480, 4000, 4000, 5120, 3680, 2560, 5120, 2640, 3200, 3440, 5200]","[3, 5, 4, 5, 4, 5, 4, 5, 4, 5, 4, 5, 4]",Adult,Female,13,294400,25.829332951207277
602,"['Approach', 'None']","[6400, 70720]","[3, 4]",Adult,Female,2,302080,26.517159848104892
603,"['Approach', 'None']","[7360, 27200]","[3, 4]",Adult,Female,2,130880,11.18435193809558
604,"['Approach', 'None', 'Touch', 'None']","[10400, 28720, 14560, 91280]","[3, 4, 5, 4]",Adult,Female,4,584000,51.76613885505481
606,"['Approach', 'None']","[6320, 43680]","[3, 4]",Adult,Female,2,193680,16.808769792935443
607,"['Approach', 'None']","[8080, 6640]","[3, 4]",Adult,Female,2,50800,4.012323565236082
608,"['Approach', 'None']","[13040, 6240]","[3, 4]",Adult,Male,2,64080,5.2016909077882065
609,"['Approach', 'None', 'Touch', 'None', 'Touch', 'None', 'Touch', 'None']","[16320, 13600, 6240, 13760, 9360, 3360, 1920, 17520]","[3, 4, 5, 4, 5, 4, 5, 4]",Adult,Male,8,329520,28.974708031811996
610,"['Approach', 'None']","[8000, 18160]","[3, 4]",Adult,Male,2,96640,8.117790356093717
611,"['Approach', 'None', 'Touch', 'None', 'Touch', 'None']","[4640, 4080, 2080, 4400, 2880, 6800]","[3, 4, 5, 4, 5, 4]",Adult,Male,6,99840,8.404384896467722
612,"['Approach', 'None']","[22160, 28160]","[3, 4]",Child,Male,2,179120,15.504764634233718
613,"['Approach', 'None']","[5600, 8960]","[3, 4]",Child,Male,2,52640,4.177115425951135
614,"['Approach', 'None']","[17520, 64240]","[3, 4]",Child,Male,2,309520,27.183492154474457
615,"['Approach', 'None']","[2320, 8800]","[3, 4]",Child,Male,2,42160,3.2385183062262666
616,"['Approach', 'None']","[8080, 16640]","[3, 4]",Child,Male,2,90800,7.594755319911156
617,"['Approach', 'None']","[4240, 38160]","[3, 4]",Child,Male,2,165360,14.272408110625493
618,"['Approach', 'None']","[5200, 5920]","[3, 4]",Child,Male,2,39280,2.9805832198896614
619,"['Approach', 'Touch']","[3520, 25760]","[3, 5]",Child,Male,2,139360,11.943827470086694
620,"['Approach', 'None']","[17840, 2720]","[3, 4]",Child,Female,2,64400,5.230350361825607
621,"['Approach', 'None']","[3360, 34400]","[3, 4]",Child,Female,2,147680,12.688973275059109
622,"['Approach', 'None']","[9920, 90880]","[3, 4]",Child,Female,2,393280,34.68510424876406
623,"['Approach', 'Touch', 'None', 'Touch', 'None', 'Touch']","[2160, 16960, 20800, 3200, 4000, 11280]","[3, 5, 4, 5, 4, 5]",Child,Female,6,262880,23.00637672852332
624,"['Approach', 'None']","[3440, 30200]","[3, 4]",Child,Female,2,131120,11.20584652862363
625,"['Approach', 'None']","[18800, 10320]","[3, 4]",Child,Female,2,97680,8.210933581715269
626,"['Approach', 'None']","[5680, 2080]","[3, 4]",Child,Female,2,25360,1.7338969692627355
627,"['Approach', 'None']","[6720, 40720]","[3, 4]",Child,Female,2,183040,15.855842946191876
628,"['Approach', 'None']","[5280, 3680]","[3, 4]",Child,Female,2,30560,2.199613097370495
629,"['Approach', 'None']","[28400, 13040]","[3, 4]",Adult,Male,2,137360,11.76470588235294
630,"['Approach', 'Touch', 'None']","[3040, 9440, 32080]","[3, 5, 4]",Adult,Male,3,184640,15.99914021637888
631,"['Approach', 'None']","[6640, 12480]","[3, 4]",Adult,Male,2,69840,5.717561080461417
632,"['Approach', 'None']","[14080, 57120]","[3, 4]",Adult,Male,2,270720,23.708533352439638
633,"['Approach', 'None']","[5760, 21600]","[3, 4]",Adult,Male,2,103680,8.74829834491653
634,"['Approach', 'None']","[11520, 4320]","[3, 4]",Child,Female,2,51840,4.105466790857634
635,"['Approach', 'None']","[6480, 18240]","[3, 4]",Child,Female,2,92400,7.7380525900981585
636,"['Approach', 'None']","[2400, 40720]","[3, 4]",Child,Female,2,170080,14.69513505767715
637,"['Approach', 'None']","[10160, 13360]","[3, 4]",Child,Female,2,83920,6.978577058107042
638,"['Approach', 'None']","[18640, 74400]","[3, 4]",Child,Female,2,353520,31.12416708461704
639,"['Approach', 'None']","[2160, 3920]","[3, 4]",Child,Female,2,22160,1.4473024288887297
640,"['Approach', 'None']","[6640, 23600]","[3, 4]",Child,Female,2,114320,9.701225191660098
642,"['Approach', 'None']","[15680, 72160]","[3, 4]",Child,Female,2,335680,29.52640252203195
643,"['Approach', 'None']","[4720, 9040]","[3, 4]",Child,Female,2,50320,3.9693343841799815
644,"['Approach', 'Touch', 'None', 'Touch', 'None', 'Touch', 'None', 'Touch', 'None', 'Touch', 'None']","[15680, 5680, 5520, 10080, 3680, 4720, 11760, 3760, 2560, 2800, 5840]","[3, 5, 4, 5, 4, 5, 4, 5, 4, 5, 4]",Adult,Female,11,299680,26.302213942824388
645,"['Approach', 'None']","[5280, 5280]","[3, 4]",Adult,Female,2,36960,2.772802178118507
646,"['Approach', 'None']","[2400, 62080]","[3, 4]",Adult,Female,2,255520,22.34720928566311
647,"['Approach', 'None']","[1680, 3920]","[3, 4]",Adult,Female,2,20720,1.3183348857204271
650,"['Approach', 'None', 'Touch', 'None']","[15920, 27360, 15120, 32080]","[3, 4, 5, 4]",Adult,Female,4,361120,31.8048291180053
651,"['Approach', 'None']","[2800, 56560]","[3, 4]",Adult,Female,2,234640,20.47717990972272
652,"['Pass', 'None']","[9360, 50080]","[1, 4]",Adult,Male,2,209680,18.241742494805475
654,"['Approach', 'None', 'Touch', 'None']","[4480, 0, 23520, 4960]","[3, 4, 5, 4]",Adult,Male,4,150880,12.975567815433116
655,"['Approach', 'None', 'Touch', 'None']","[8160, 32960, 4480, 74080]","[3, 4, 5, 4]",Adult,Male,4,475040,42.00759475531991
657,"['Approach', 'None']","[17600, 17120]","[3, 4]",Child,Male,2,121280,10.324568316973561
659,"['Approach', 'None']","[9760, 21040]","[3, 4]",Child,Male,2,113440,9.622411693057249
660,"['Approach', 'Touch', 'None', 'Touch', 'None']","[8000, 24720, 31920, 2720, 26480]","[3, 5, 4, 5, 4]",Child,Male,5,394800,34.82123665544171
661,"['Approach', 'Touch', 'None']","[5280, 5280, 28480]","[3, 5, 4]",Child,Male,3,156160,13.448448807050225
663,"['Approach', 'None']","[8800, 25440]","[3, 4]",Adult,Male,2,128160,10.940746578777674
664,"['Approach', 'None', 'Touch', 'None']","[3760, 4160, 2000, 12320]","[3, 4, 5, 4]",Adult,Male,4,87200,7.272336461990399
665,"['Approach', 'None']","[3360, 6480]","[3, 4]",Adult,Male,2,36000,2.686823816006305
666,"['Approach', 'None']","[3360, 1280]","[3, 4]",Adult,Male,2,15200,0.8239593035752668
667,"['Approach', 'Touch', 'None', 'Touch']","[2320, 39280, 1920, 10880]","[3, 5, 4, 5]",Adult,Male,4,265440,23.235652360822527
669,"['Approach', 'None']","[4000, 1440]","[3, 4]",Child,Male,2,17760,1.0532349358744717
670,"['Approach', 'None']","[3360, 10720]","[3, 4]",Child,Male,2,52960,4.205774879988536
671,"['Approach', 'None']","[2720, 3040]","[3, 4]",Child,Male,2,20320,1.2825105681736761
672,"['Approach', 'None', 'Touch', 'None', 'Touch', 'None', 'Touch', 'None', 'Touch', 'None', 'Touch', 'None']","[2320, 10080, 2160, 9920, 2880, 8560, 2480, 34480, 3120, 6800, 2560, 11920]","[3, 4, 5, 4, 5, 4, 5, 4, 5, 4, 5, 4]",Child,Male,12,400000,35.286952783549474
673,"['Approach', 'None']","[3600, 6080]","[3, 4]",Child,Male,2,35120,2.6080103174034535
674,"['Approach', 'None', 'Touch', 'None', 'Touch', 'None', 'Touch', 'None']","[3200, 17680, 5120, 2800, 2160, 3360, 3840, 13120]","[3, 4, 5, 4, 5, 4, 5, 4]",Child,Male,8,213040,18.54266676219818
675,"['Approach', 'Touch']","[4960, 17120]","[3, 5]",Child,Male,2,100480,8.461703804542523
676,"['Approach', 'Touch']","[13360, 27520]","[3, 5]",Child,Male,2,177680,15.375797091065415
679,"['Approach', 'None']","[17280, 16480]","[3, 4]",Adult,Female,2,117760,10.009314322562156
682,"['Approach', 'None', 'Touch', 'None', 'Touch', 'None']","[5360, 2560, 18800, 5440, 3200, 1760]","[3, 4, 5, 4, 5, 4]",Adult,Male,6,165120,14.250913520097441
685,"['Approach', 'None']","[6320, 29160]","[3, 4]",Child,Female,2,135600,11.607078885147237
688,"['Approach', 'None']","[2240, 2160]","[3, 4]",Adult,Male,2,15360,0.8382890305939672
696,"['Approach', 'None', 'Touch', 'None', 'Touch', 'None', 'Touch', 'None', 'Touch', 'None', 'Touch', 'None']","[13040, 7520, 2160, 15360, 3440, 12880, 12440, 4160, 2320, 7760, 3200, 19520]","[3, 4, 5, 4, 5, 4, 5, 4, 5, 4, 5, 4]",Adult,Male,12,425720,37.59045640180555
697,"['Approach', 'None']","[2160, 8800]","[3, 4]",Adult,Male,2,41680,3.1955291251701654
699,"['Approach', 'None']","[13360, 2160]","[3, 4]",Child,Male,2,48720,3.8260371139929785
700,"['Approach', 'Touch', 'None', 'Touch', 'None']","[1360, 3360, 10800, 1680, 29520]","[3, 5, 4, 5, 4]",Child,Male,5,190560,16.52934011607079
701,"['Approach', 'Touch', 'None', 'Touch', 'None']","[1920, 1600, 4160, 1680, 8560]","[3, 5, 4, 5, 4]",Child,Male,5,73040,6.004155620835423
702,"['Approach', 'None', 'Touch', 'None']","[1280, 4640, 2080, 17520]","[3, 4, 5, 4]",Child,Male,4,102880,8.676649709823028
709,"['Pass', 'None']","[3760, 2560]","[1, 4]",Child,Female,2,14000,0.7164863509350147
712,"['Approach', 'None']","[5120, 5280]","[3, 4]",Child,Male,2,36480,2.7298129970624063
729,"['Pass', 'Gesture']","[5760, 3440]","[1, 5]",Child,Male,2,22960,1.5189510639822312
731,"['Approach', 'Gesture', 'None']","[8080, 5680, 960]","[3, 5, 4]",Child,Male,3,56480,4.521028874399943
732,"['Approach', 'Gesture', 'None']","[1760, 14640, 7680]","[3, 5, 4]",Child,Male,3,109200,9.24267392706169
733,"['Approach', 'None', 'None']","[1920, 5440, 33840]","[3, 4, 4]",Child,Male,3,162880,14.050297341835638
734,"['Approach', 'Touch', 'None', 'Gesture', 'Touch', 'None', 'Gesture', 'Touch', 'None', 'Gesture', 'None', 'Touch', 'None']","[2240, 1920, 23440, 1200, 1760, 1440, 11760, 2320, 21840, 1440, 800, 3520, 2240]","[3, 5, 4, 5, 5, 4, 5, 5, 4, 5, 4, 5, 4]",Child,Male,13,325360,28.602135129325784
735,"['Approach', 'None', 'Gesture', 'Touch']","[3200, 480, 1520, 1520]","[3, 4, 5, 5]",Child,Male,4,26720,1.8556996489216881
736,"['Approach', 'Touch', 'None', 'Touch', 'None', 'Touch', 'None', 'Touch', 'None', 'Touch', 'None', 'Touch', 'None']","[6800, 7120, 21920, 2400, 6720, 4720, 18360, 1680, 18280, 3120, 29040, 2400, 28720]","[3, 5, 4, 5, 4, 5, 4, 5, 4, 5, 4, 5, 4]",Child,Male,13,619760,54.968832843734326
737,"['Approach', 'None']","[4640, 4240]","[3, 4]",Child,Male,2,30880,2.228272551407896
738,"['Approach', 'Touch', 'Gesture', 'Touch', 'None', 'Touch', 'None']","[6080, 2080, 7760, 3040, 8720, 1760, 33200]","[3, 5, 5, 5, 4, 5, 4]",Child,Male,7,259120,22.669628143583864
740,"['Approach', 'None']","[12400, 42800]","[3, 4]",Adult,Female,2,208400,18.127104678655872
741,"['Approach', 'None', 'Touch', 'None', 'Touch', 'None', 'Touch', 'None', 'None']","[13520, 12720, 3120, 13280, 1840, 2000, 4160, 17040, 72400]","[3, 4, 5, 4, 5, 4, 5, 4, 4]",Adult,Male,9,555920,49.25127176327291
744,"['Approach', 'None']","[20160, 3200]","[3, 4]",Adult,Male,2,73280,6.025650211363474
745,"['Approach', 'None']","[8080, 72640]","[3, 4]",Adult,Male,2,314800,27.656373146091568
748,"['Approach', 'None', 'Gesture', 'None']","[7360, 3280, 1760, 720]","[3, 4, 5, 4]",Child,Female,4,46880,3.661245253277925
749,"['Approach', 'Touch', 'None']","[12000, 3600, 8400]","[3, 5, 4]",Child,Female,3,87600,7.3081607795371495
751,"['Approach', 'None']","[3600, 2080]","[3, 4]",Child,Female,2,19120,1.1750376155334241
753,"['Approach', 'None']","[3600, 49360]","[3, 4]",Child,Female,2,208240,18.11277495163717
754,"['Approach', 'None', 'Touch']","[3360, 400, 3440]","[3, 4, 5]",Child,Female,3,28880,2.0491509636741423
757,"['Approach', 'None']","[4560, 2880]","[3, 4]",Child,Female,2,25200,1.7195672422440351
759,"['Approach', 'None', 'Gesture', 'None', 'Gesture', 'None']","[6800, 2560, 2080, 5840, 2720, 12480]","[3, 4, 5, 4, 5, 4]",Adult,Female,6,127920,10.919251988249625
760,"['Approach', 'None']","[10720, 960]","[3, 4]",Adult,Male,2,36000,2.686823816006305
761,"['Approach', 'None']","[2080, 15120]","[3, 4]",Adult,Male,2,66720,5.438131403596762
762,"['Approach', 'None']","[11840, 1120]","[3, 4]",Child,Female,2,40000,3.0450669914738127
763,"['Approach', 'None']","[3680, 14640]","[3, 4]",Child,Female,2,69600,5.696066489933367
764,"['Approach', 'Gesture']","[2320, 4080]","[3, 5]",Child,Female,2,27360,1.9130185569964893
766,"['Approach', 'Touch', 'None']","[3040, 2080, 4880]","[3, 5, 4]",Child,Male,3,39040,2.9590886293616108
767,"['Approach', 'Touch', 'None', 'Touch', 'None', 'Touch']","[8000, 2960, 17440, 20640, 3920, 16320]","[3, 5, 4, 5, 4, 5]",Child,Male,6,309040,27.140502973418357
768,"['Pass', 'None']","[16320, 10880]","[1, 4]",Adult,Female,2,59840,4.8219531417926484
771,"['Approach', 'Gesture']","[5040, 1680]","[3, 5]",Adult,Female,2,23520,1.5691051085476821
774,"['Approach', 'Gesture']","[5040, 3280]","[3, 5]",Child,Female,2,31520,2.2855914594826965
775,"['Approach', 'Gesture']","[3760, 6060]","[3, 5]",Child,Male,2,41580,3.186573045783478
779,"['Approach', 'None', 'Touch', 'None']","[18000, 21920, 3680, 24960]","[3, 4, 5, 4]",Adult,Male,4,259920,22.741276778677367
780,"['Approach', 'None']","[14720, 53920]","[3, 4]",Child,Female,2,259840,22.734111915168015
781,"['Approach', 'None']","[3840, 4640]","[3, 4]",Child,Female,2,30080,2.1566239163143943
782,"['Approach', 'Touch', 'None', 'Touch', 'None']","[800, 2800, 23760, 2880, 11600]","[3, 5, 4, 5, 4]",Child,Female,5,172240,14.888586372429605
783,"['Approach', 'None']","[5840, 23400]","[3, 4]",Child,Female,2,111120,9.414630651286092
784,"['Approach', 'None']","[3360, 5680]","[3, 4]",Child,Female,2,32800,2.400229275632299
785,"['Approach', 'None', 'Touch', 'None']","[4000, 560, 2800, 7600]","[3, 4, 5, 4]",Child,Female,4,58640,4.714480189152397
786,"['Approach', 'None']","[1440, 14240]","[3, 4]",Child,Female,2,61280,4.950920684960951
787,"['Approach', 'None']","[560, 34960]","[3, 4]",Child,Female,2,141520,12.137278784839149
788,"['Avoid', 'None']","[3280, 640]","[2, 4]",Child,Female,2,9120,0.27942967686465575
790,"['Approach', 'None']","[3200, 1680]","[3, 4]",Child,Female,2,16320,0.924267392706169
792,"['Approach', 'None']","[6160, 800]","[3, 4]",Child,Female,2,21680,1.4043132478326288
794,"['Approach', 'None']","[2080, 1120]","[3, 4]",Child,Female,2,10720,0.42272694705165864
796,"['Approach', 'Touch', 'None', 'Touch', 'None', 'Touch', 'None']","[4080, 6720, 20240, 2320, 11920, 2640, 14880]","[3, 5, 4, 5, 4, 5, 4]",Child,Male,7,258800,22.640968689546465
797,"['Approach', 'Touch', 'None']","[2640, 1760, 15280]","[3, 5, 4]",Child,Male,3,77840,6.434047431396432
798,"['Approach', 'None']","[6400, 2720]","[3, 4]",Child,Male,2,30080,2.1566239163143943
799,"['Approach', 'Touch', 'None']","[1600, 1360, 10400]","[3, 5, 4]",Child,Male,3,53200,4.227269470516587
800,"['Approach', 'None']","[10560, 6560]","[3, 4]",Child,Male,2,57920,4.6499964175682456
801,"['Approach', 'None']","[2560, 1840]","[3, 4]",Child,Male,2,15040,0.8096295765565666
802,"['Approach', 'Touch', 'None', 'Touch', 'None']","[2080, 2000, 8000, 3040, 8160]","[3, 5, 4, 5, 4]",Child,Male,5,96080,8.067636311528267
803,"['Approach', 'Touch', 'None', 'Touch', 'None', 'Touch', 'None']","[9520, 3440, 9200, 22240, 16560, 6320, 6960]","[3, 5, 4, 5, 4, 5, 4]",Child,Male,7,319440,28.071935229633876
805,"['Approach', 'None', 'Touch']","[2000, 4560, 6320]","[3, 4, 5]",Child,Male,3,55840,4.463709966325141
806,"['Avoid', 'None']","[2560, 8480]","[2, 4]",Child,Male,2,39040,2.9590886293616108
807,"['Follow', 'Touch', 'None']","[2000, 4480, 1200]","[2, 5, 4]",Child,Male,3,31200,2.256932005445296
808,"['Avoid', 'None']","[3200, 4320]","[2, 4]",Child,Male,2,23680,1.5834348355663823
810,"['Follow', 'Gesture', 'Touch']","[5600, 3920, 4800]","[2, 5, 5]",Child,Male,3,54800,4.370566740703589
812,"['Follow', 'None']","[4800, 4960]","[2, 4]",Child,Male,2,29440,2.0993050082395928
813,"['Avoid', 'None']","[8000, 11360]","[2, 4]",Child,Male,2,61440,4.965250411979652
814,"['Approach', 'Touch', 'None', 'Gesture', 'Touch', 'None', 'Touch', 'None', 'Touch', 'None', 'Touch']","[5680, 4640, 2240, 2800, 2800, 1440, 2400, 29200, 16480, 8560, 13520]","[3, 5, 4, 5, 5, 4, 5, 4, 5, 4, 5]",Child,Male,11,396000,34.92870960808197
815,"['Approach', 'None', 'None']","[15280, 19280, 36480]","[3, 4, 4]",Adult,Female,3,268880,23.54374149172458
816,"['Approach', 'Touch', 'None', 'None']","[13120, 2680, 13920, 36960]","[3, 5, 4, 4]",Child,Female,4,256280,22.415275489001935
817,"['Approach', 'None']","[6400, 1520]","[3, 4]",Child,Male,2,25280,1.7267321057533855
818,"['Approach', 'None']","[3680, 1840]","[3, 4]",Child,Male,2,18400,1.1105538439492726
819,"['Approach', 'Gesture']","[2000, 1520]","[3, 5]",Child,Male,2,13600,0.6806620333882639
820,"['Approach', 'None']","[1360, 480]","[3, 4]",Child,Male,2,6000,0.0
821,"['Approach', 'None']","[2080, 880]","[3, 4]",Child,Male,2,9760,0.3367485849394569
822,"['Approach', 'Gesture']","[1600, 1680]","[3, 5]",Child,Male,2,13200,0.6448377158415133
823,"['Approach', 'Gesture']","[1920, 4560]","[3, 5]",Child,Male,2,28560,2.0204915096367415
824,"['Approach', 'None']","[3200, 4480]","[3, 4]",Child,Male,2,27520,1.9273482840151894
826,"['Approach', 'None']","[3680, 6560]","[3, 4]",Adult,Female,2,37280,2.8014616321559074
827,"['Approach', 'None', 'Touch']","[13840, 3600, 7440]","[3, 4, 5]",Adult,Female,3,93120,7.802536361682309
828,"['Approach', 'None']","[4560, 4640]","[3, 4]",Adult,Male,2,32240,2.3500752310668482
831,"['Approach', 'None']","[4000, 3760]","[3, 4]",Child,Male,2,27040,1.8843591029590885
832,"['Approach', 'None', 'Touch', 'None', 'Gesture']","[2720, 10720, 8480, 7120, 2480]","[3, 4, 5, 4, 5]",Child,Male,5,134320,11.492441068997636
833,"['Approach', 'None']","[8560, 3200]","[3, 4]",Child,Male,2,38480,2.9089345847961594
838,"['Approach', 'None']","[2960, 1680]","[3, 4]",Child,Female,2,15600,0.8597836211220176
840,"['Approach', 'None']","[11920, 5120]","[3, 4]",Adult,Female,2,56240,4.499534283871892
842,"['Approach', 'Touch', 'None', 'Touch', 'None', 'Touch', 'None', 'Touch', 'None', 'Gesture', 'None', 'Touch', 'None', 'Touch', 'Touch', 'None', 'None']","[8000, 2000, 1520, 1840, 5120, 3440, 880, 2800, 2880, 2560, 9520, 1840, 800, 2240, 5200, 0, 14560]","[3, 5, 4, 5, 4, 5, 4, 5, 4, 5, 4, 5, 4, 5, 5, 4, 4]",Adult,Female,17,274720,24.066776527907145
844,"['Approach', 'Touch', 'None', 'Touch', 'None', 'Touch', 'None']","[12960, 8240, 3120, 17120, 2240, 5200, 8080]","[3, 5, 4, 5, 4, 5, 4]",Child,Female,7,245440,21.444436483484992
846,"['Approach', 'None']","[2720, 26800]","[3, 4]",Adult,Female,2,115360,9.794368417281651
848,"['Approach', 'None', 'Touch', 'None', 'Touch', 'None', 'Touch', 'None']","[7600, 1600, 2240, 5280, 5680, 3840, 2240, 34720]","[3, 4, 5, 4, 5, 4, 5, 4]",Child,Male,8,255360,22.332879558644407
849,"['Approach', 'None']","[5920, 7440]","[3, 4]",Child,Male,2,47520,3.718564161352726
850,"['Approach', 'None']","[2320, 5680]","[3, 4]",Child,Male,2,29680,2.1207995987676433
851,"['Approach', 'Touch', 'None']","[7920, 4880, 16800]","[3, 5, 4]",Child,Male,3,115360,9.794368417281651
852,"['Approach', 'Touch', 'None']","[1680, 1920, 15040]","[3, 5, 4]",Child,Male,3,74800,6.161782618041126
855,"['Approach', 'None']","[6560, 15680]","[3, 4]",Child,Male,2,82400,6.84244465142939
856,"['Approach', 'None']","[2240, 28080]","[3, 4]",Child,Male,2,119040,10.123952138711758
857,"['Approach', 'None', 'Touch', 'None']","[9600, 20240, 2240, 15120]","[3, 4, 5, 4]",Child,Male,4,181440,15.712545676004872
859,"['Approach', 'Gesture']","[3520, 3920]","[3, 5]",Child,Male,2,30160,2.1637887798237445
860,"['Approach', 'None']","[6480, 26560]","[3, 4]",Child,Male,2,125680,10.71863580998782
861,"['Approach', 'None']","[10400, 7360]","[3, 4]",Adult,Female,2,60640,4.89360177688615
864,"['Approach', 'None']","[12640, 3040]","[3, 4]",Child,Female,2,50080,3.9478397936519314
871,"['Approach', 'Touch', 'None', 'Touch', 'None', 'Touch', 'None', 'Gesture', 'Touch', 'Gesture', 'None']","[4240, 3440, 1120, 2320, 5440, 2560, 20640, 17840, 6240, 12960, 9600]","[3, 5, 4, 5, 4, 5, 4, 5, 5, 5, 4]",Adult,Female,11,386720,34.09758544099735
872,"['Approach', 'Touch', 'None', 'Touch', 'None', 'Touch', 'None', 'None']","[10080, 10880, 15520, 6480, 640, 5920, 5200, 10000]","[3, 5, 4, 5, 4, 5, 4, 4]",Adult,Female,8,272080,23.83033603209859
883,"['Approach', 'None']","[6800, 13600]","[3, 4]",Adult,Male,2,74800,6.161782618041126
884,"['Approach', 'None']","[6400, 11280]","[3, 4]",Adult,Female,2,64320,5.223185498316258
885,"['Approach', 'None']","[7440, 10800]","[3, 4]",Child,Female,2,65520,5.330658450956509
887,"['Approach', 'None', 'Gesture', 'None', 'Gesture', 'None', 'Gesture', 'None']","[4080, 2800, 2880, 4160, 2080, 880, 3360, 2240]","[3, 4, 5, 4, 5, 4, 5, 4]",Child,Male,8,94160,7.895679587303863
888,"['Approach', 'Gesture', 'None']","[1120, 2560, 3360]","[3, 5, 4]",Child,Male,3,29600,2.1136347352582936
889,"['Approach', 'Gesture']","[1840, 2480]","[3, 5]",Child,Male,2,17920,1.0675646628931719
890,"['Approach', 'None']","[4720, 1040]","[3, 4]",Adult,Male,2,18320,1.1033889804399226
891,"['Approach', 'None']","[2960, 12240]","[3, 4]",Adult,Male,2,57840,4.642831554058895
894,"['Approach', 'Gesture']","[3280, 2320]","[3, 5]",Adult,Male,2,21440,1.3828186573045784
900,"['Approach', 'None']","[4080, 14000]","[3, 4]",Child,Female,2,68240,5.574263810274414
901,"['Approach', 'None']","[5200, 52000]","[3, 4]",Child,Female,2,223600,19.488428745432397
902,"['Approach', 'None']","[2720, 7920]","[3, 4]",Child,Female,2,39840,3.030737264455112
903,"['Approach', 'None']","[5360, 16720]","[3, 4]",Child,Female,2,82960,6.892598695994841
904,"['Approach', 'None']","[2400, 6400]","[3, 4]",Child,Female,2,32800,2.400229275632299
905,"['Approach', 'None', 'Touch', 'None', 'Touch', 'None', 'Touch', 'None']","[15920, 12640, 4960, 10560, 7680, 15280, 4320, 11120]","[3, 4, 5, 4, 5, 4, 5, 4]",Adult,Female,8,330960,29.103675574980297
906,"['Approach', 'Touch', 'None', 'Touch', 'None', 'Touch', 'None']","[2480, 1680, 9040, 3680, 3200, 3040, 10800]","[3, 5, 4, 5, 4, 5, 4]",Adult,Female,7,141600,12.1444436483485
907,"['Approach', 'None']","[8000, 1600]","[3, 4]",Adult,Female,2,30400,2.1852833703517947
908,"['Approach', 'Touch', 'None']","[11520, 3920, 80960]","[3, 5, 4]",Child,Male,3,378000,33.316615318478185
909,"['Approach', 'Touch', 'None', 'Gesture', 'None']","[2080, 1760, 7920, 2160, 21440]","[3, 5, 4, 5, 4]",Child,Male,5,143280,12.294905782044852
910,"['Approach', 'Touch', 'None']","[1760, 1120, 18640]","[3, 5, 4]",Child,Male,3,85440,7.1147094647846965
911,"['Approach', 'None']","[4560, 1840]","[3, 4]",Child,Male,2,21040,1.3469943397578277
913,"['Approach', 'Touch', 'None', 'Gesture', 'None', 'Gesture', 'None']","[13280, 2960, 960, 3200, 1040, 1680, 4240]","[3, 5, 4, 5, 4, 5, 4]",Adult,Female,7,104000,8.77695779895393
914,"['Approach', 'Touch', 'None', 'Touch', 'None', 'Gesture', 'None']","[1520, 4800, 7360, 2080, 2320, 2400, 12240]","[3, 5, 4, 5, 4, 5, 4]",Adult,Female,7,138640,11.879343698502543
915,"['Approach', 'None']","[2960, 2720]","[3, 4]",Adult,Female,2,19760,1.2323565236082252
916,"['Approach', 'None', 'Touch', 'None', 'Touch', 'None', 'Touch', 'Gesture', 'None', 'Touch', 'None']","[3120, 3360, 1680, 5440, 6400, 20880, 3200, 3040, 6320, 3680, 400]","[3, 4, 5, 4, 5, 4, 5, 5, 4, 5, 4]",Adult,Female,11,244960,21.40144730242889
917,"['Approach', 'None']","[2240, 7840]","[3, 4]",Adult,Female,2,38080,2.873110267249409
918,"['Approach', 'Touch', 'None', 'Touch', 'None', 'Touch', 'None', 'Gesture', 'None', 'Touch', 'None']","[6320, 14400, 19680, 7840, 1520, 6240, 1520, 1680, 8880, 3520, 5840]","[3, 5, 4, 5, 4, 5, 4, 5, 4, 5, 4]",Adult,Female,11,337120,29.65537006520026
919,"['Approach', 'Touch', 'None', 'Touch', 'None', 'Touch', 'None']","[2640, 8160, 720, 2240, 2000, 3600, 12720]","[3, 5, 4, 5, 4, 5, 4]",Adult,Female,7,139680,11.972486924124096
921,"['Approach', 'None']","[5680, 71040]","[3, 4]",Adult,Male,2,301200,26.43834634950204
922,"['Approach', 'None']","[6240, 8640]","[3, 4]",Child,Male,2,53280,4.234434334025937
923,"['Approach', 'None', 'Touch', 'None']","[12880, 26960, 2240, 23120]","[3, 4, 5, 4]",Child,Male,4,250160,21.86716343053665
924,"['Approach', 'None', 'Touch', 'None']","[3200, 5120, 2000, 14880]","[3, 4, 5, 4]",Child,Male,4,99600,8.382890305939672
925,"['Approach', 'None']","[5600, 18160]","[3, 4]",Child,Male,2,89440,7.4729526402522035
926,"['Approach', 'None']","[9040, 1920]","[3, 4]",Child,Male,2,34800,2.579350863366053
927,"['Approach', 'None', 'Touch', 'None', 'Touch', 'None', 'Gesture']","[2240, 3160, 1840, 20320, 2800, 29040, 3760]","[3, 4, 5, 4, 5, 4, 5]",Child,Male,7,258800,22.640968689546465
928,"['Approach', 'None']","[4320, 32080]","[3, 4]",Adult,Male,2,141280,12.115784194311098
929,"['Approach', 'None']","[3200, 3680]","[3, 4]",Adult,Male,2,24320,1.6407537436411836
930,"['Approach', 'None']","[3840, 12480]","[3, 4]",Adult,Male,2,61440,4.965250411979652
931,"['Approach', 'Gesture', 'None', 'Touch', 'None']","[2240, 1920, 21120, 2320, 7200]","[3, 5, 4, 5, 4]",Adult,Male,5,141200,12.108619330801748
932,"['Approach', 'Touch', 'None']","[1840, 2400, 10800]","[3, 5, 4]",Adult,Male,3,60720,4.900766640395501
933,"['Approach', 'None']","[9920, 1280]","[3, 4]",Child,Male,2,34880,2.586515726875403
935,"['Approach', 'None', 'Touch', 'None', 'Touch', 'None', 'Touch', 'None']","[9600, 31600, 3680, 42240, 2560, 8400, 6560, 21280]","[3, 4, 5, 4, 5, 4, 5, 4]",Child,Male,8,506880,44.859210432041266
938,"['Approach', 'None']","[5600, 44960]","[3, 4]",Child,Male,2,196640,17.0738697427814
939,"['Approach', 'None']","[6800, 62720]","[3, 4]",Child,Male,2,271280,23.758687397005087
941,"['Approach', 'None']","[11360, 12480]","[3, 4]",Adult,Female,2,84000,6.985741921616394
942,"['Approach', 'None']","[5120, 2960]","[3, 4]",Adult,Female,2,27200,1.898688829977789
943,"['Approach', 'None']","[3360, 21040]","[3, 4]",Adult,Female,2,94240,7.9028444508132125
944,"['Approach', 'None']","[4160, 65760]","[3, 4]",Adult,Female,2,275520,24.138425163000647
947,"['Approach', 'None']","[5840, 120320]","[3, 4]",Adult,Female,2,498800,44.13555921759691
949,"['Approach', 'None']","[10160, 23000]","[3, 4]",Adult,Male,2,122480,10.432041269613814
950,"['Approach', 'Touch', 'None', 'Touch', 'None', 'Touch', 'None', 'Touch', 'None']","[6760, 1920, 16800, 3840, 9280, 2400, 36800, 1760, 10640]","[3, 5, 4, 5, 4, 5, 4, 5, 4]",Adult,Male,9,363960,32.05918177258723
953,"['Approach', 'None', 'Gesture', 'None']","[2880, 33920, 3920, 6880]","[3, 4, 5, 4]",Child,Male,4,191440,16.60815361467364
954,"['Approach', 'Touch', 'None']","[1840, 2160, 75440]","[3, 5, 4]",Child,Male,3,318080,27.95013254997492
958,"['Approach', 'None']","[4400, 7840]","[3, 4]",Adult,Female,2,44560,3.453464211506771
960,"['Approach', 'None', 'Touch', 'None', 'Touch', 'None']","[12640, 28960, 2880, 2000, 8080, 11200]","[3, 4, 5, 4, 5, 4]",Adult,Female,6,261360,22.870244321845668
961,"['Approach', 'None']","[4080, 32160]","[3, 4]",Adult,Female,2,140880,12.079959876764347
962,"['Approach', 'None', 'Touch', 'None', 'Touch', 'None', 'Gesture', 'None']","[2560, 7040, 5600, 7920, 2080, 17760, 3680, 14560]","[3, 4, 5, 4, 5, 4, 5, 4]",Adult,Female,8,253600,22.175252561438704
963,"['Approach', 'None']","[3840, 4960]","[3, 4]",Adult,Male,2,31360,2.2712617324639965
966,"['Approach', 'None']","[14080, 152240]","[3, 4]",Adult,Male,2,651200,57.78462420290893
968,"['Approach', 'None']","[6720, 10800]","[3, 4]",Child,Male,2,63360,5.137207136204055
969,"['Approach', 'None', 'Touch', 'None', 'Touch', 'None']","[12080, 2240, 2800, 30720, 4160, 8400]","[3, 4, 5, 4, 5, 4]",Child,Male,6,236480,20.641971770437774
970,"['Approach', 'None', 'Touch', 'None', 'Touch', 'None']","[3440, 15200, 3760, 50160, 4640, 18880]","[3, 4, 5, 4, 5, 4]",Child,Male,6,389280,34.326861073296556
971,"['Approach', 'Gesture']","[2560, 3440]","[3, 5]",Child,Male,2,24880,1.6909077882066346
972,"['Pass', 'None']","[16160, 8320]","[1, 4]",Adult,Male,2,49440,3.89052088557713
974,"['Avoid', 'None']","[4480, 5280]","[2, 4]",Child,Male,2,30080,2.1566239163143943
975,"['Approach', 'None']","[3360, 10400]","[3, 4]",Child,Male,2,51680,4.091137063838934
978,"['Approach', 'None']","[9920, 1680]","[3, 4]",Child,Male,2,36480,2.7298129970624063
980,"['Approach', 'None', 'Touch', 'None', 'Touch', 'None']","[2880, 72320, 2720, 4080, 2880, 31520]","[3, 4, 5, 4, 5, 4]",Child,Male,6,468320,41.4057462205345
982,"['Approach', 'Touch', 'None', 'Touch', 'None', 'Touch', 'None', 'Touch', 'None']","[3520, 1520, 2080, 2320, 9040, 3680, 49440, 1840, 15120]","[3, 5, 4, 5, 4, 5, 4, 5, 4]",Child,Male,9,360080,31.711685892383752
983,"['Avoid', 'None']","[4000, 4480]","[2, 4]",Adult,Female,2,25920,1.7840510138281866
984,"['Approach', 'None']","[3120, 6640]","[3, 4]",Adult,Female,2,35920,2.679658952496955
985,"['Avoid', 'None']","[3760, 11360]","[2, 4]",Adult,Female,2,52960,4.205774879988536
986,"['Approach', 'None', 'None', 'None']","[3360, 21600, 23760, 16240]","[3, 4, 4, 4]",Adult,Female,4,256480,22.43318764777531
987,"['Approach', 'None']","[4800, 17680]","[3, 4]",Adult,Female,2,85120,7.086050010747296
990,"['Approach', 'None']","[10160, 6640]","[3, 4]",Adult,Female,2,57040,4.571182918965393
991,"['Approach', 'None']","[7840, 10880]","[3, 4]",Adult,Female,2,67040,5.466790857634162
993,"['Approach', 'None']","[6720, 44400]","[3, 4]",Adult,Female,2,197760,17.174177831912303
994,"['Approach', 'None']","[4640, 9760]","[3, 4]",Adult,Female,2,52960,4.205774879988536
995,"['Approach', 'Touch', 'None', 'None']","[2480, 1760, 48800, 8400]","[3, 5, 4, 4]",Adult,Female,4,245040,21.40861216593824
997,"['Approach', 'None']","[8000, 2720]","[3, 4]",Adult,Male,2,34880,2.586515726875403
1000,"['Approach', 'None', 'Touch', 'None', 'Touch', 'None', 'None', 'None']","[6400, 9360, 2160, 6720, 4320, 28400, 8880, 11040]","[3, 4, 5, 4, 5, 4, 4, 4]",Adult,Male,8,309200,27.15483270043706
1002,"['Approach', 'None']","[3760, 17360]","[3, 4]",Child,Male,2,80720,6.691982517733037
1005,"['Approach', 'None']","[5520, 13840]","[3, 4]",Child,Male,2,71920,5.903847531704521
1006,"['Approach', 'Touch', 'None', 'Touch', 'None']","[3200, 5680, 560, 2720, 27680]","[3, 5, 4, 5, 4]",Child,Male,5,164560,14.20075947553199
1007,"['Approach', 'None', 'Gesture', 'None']","[4640, 3600, 1920, 9440]","[3, 4, 5, 4]",Child,Male,4,75680,6.240596116643978
1012,"['Approach', 'None']","[4800, 4080]","[3, 4]",Adult,Male,2,30720,2.2139428243891954
1013,"['Approach', 'Gesture']","[1920, 3840]","[3, 5]",Adult,Male,2,24960,1.6980726517159848
1014,"['Approach', 'Gesture']","[3760, 3920]","[3, 5]",Adult,Male,2,30880,2.228272551407896
1034,"['Approach', 'None']","[8160, 6880]","[3, 4]",Child,Male,2,52000,4.119796517876335
1037,"['Approach', 'Touch', 'None', 'Touch', 'None', 'Touch', 'None', 'Touch', 'None', 'Touch', 'None', 'Touch', 'None', 'Touch', 'None', 'Touch']","[4880, 2240, 1040, 24000, 480, 2160, 1760, 3840, 2240, 6640, 17440, 19600, 30720, 3040, 39920, 7760]","[3, 5, 4, 5, 4, 5, 4, 5, 4, 5, 4, 5, 4, 5, 4, 5]",Child,Male,16,735440,65.32922547825464
1038,"['Approach', 'None']","[5040, 31440]","[3, 4]",Child,Male,2,140880,12.079959876764347
1039,"['Approach', 'None']","[4960, 2160]","[3, 4]",Child,Male,2,23520,1.5691051085476821
1040,"['Approach', 'None', 'Touch', 'None', 'Touch', 'None', 'Touch', 'None', 'Touch', 'None', 'Touch', 'None', 'Touch', 'None', 'Touch', 'None', 'Touch', 'None', 'Touch', 'None', 'Touch', 'None']","[2160, 22720, 3120, 720, 34080, 13680, 3840, 34160, 1760, 480, 9680, 38000, 11920, 8960, 6480, 1840, 23280, 1680, 7280, 15360, 2480, 11520]","[3, 4, 5, 4, 5, 4, 5, 4, 5, 4, 5, 4, 5, 4, 5, 4, 5, 4, 5, 4, 5, 4]",Child,Male,22,1122560,100.0
1041,"['Approach', 'Touch', 'None']","[1680, 2480, 2320]","[3, 5, 4]",Child,Male,3,26720,1.8556996489216881
1042,"['Avoid', 'None']","[5360, 18000]","[2, 4]",Child,Male,2,82720,6.871104105466791
1043,"['Approach', 'Gesture', 'Gesture', 'None', 'None']","[8320, 2880, 3440, 0, 3360]","[3, 5, 5, 4, 4]",Child,Male,5,70000,5.731890807480117
1045,"['Approach', 'None']","[10560, 8720]","[3, 4]",Adult,Female,2,66560,5.423801676578061
1046,"['Approach', 'None', 'Gesture', 'None', 'Touch', 'None', 'Touch', 'None', 'Touch', 'None']","[3200, 5200, 4720, 12960, 17600, 5280, 2880, 44880, 3840, 16080]","[3, 4, 5, 4, 5, 4, 5, 4, 5, 4]",Adult,Female,10,492400,43.56237013684889
1047,"['Approach', 'None', 'Touch', 'None', 'Gesture', 'None', 'Touch', 'None']","[4320, 3760, 3920, 8640, 2080, 7040, 2320, 52960]","[3, 4, 5, 4, 5, 4, 5, 4]",Adult,Female,8,344160,30.28587805402307
1048,"['Approach', 'None', 'Gesture', 'None']","[5120, 17680, 4160, 18560]","[3, 4, 5, 4]",Adult,Female,4,181120,15.683886221967471
1049,"['Approach', 'Touch', 'None']","[4480, 3360, 4400]","[3, 5, 4]",Adult,Female,3,47840,3.7472236153901264
1054,"['Approach', 'None']","[9120, 48240]","[3, 4]",Adult,Male,2,220320,19.19466934154904
1055,"['Approach', 'None']","[3680, 15840]","[3, 4]",Adult,Male,2,74400,6.125958300494375
1057,"['Approach', 'None', 'Touch', 'None', 'Gesture', 'None', 'Touch', 'None', 'Gesture', 'None', 'Touch', 'None', 'Touch', 'None']","[5760, 26720, 5200, 16640, 3680, 160, 2960, 640, 3200, 12560, 3120, 12240, 2320, 83760]","[3, 4, 5, 4, 5, 4, 5, 4, 5, 4, 5, 4, 5, 4]",Adult,Male,14,730560,64.89216880418428
1058,"['Approach', 'None', 'Gesture', 'None', 'None']","[4640, 102400, 2240, 29920, 9680]","[3, 4, 5, 4, 4]",Adult,Male,5,593120,52.582933295120725
1060,"['Approach', 'None']","[15280, 4480]","[3, 4]",Child,Male,2,63760,5.173031453750806
1061,"['Approach', 'None', 'Touch', 'None', 'Touch']","[1920, 3520, 24080, 1520, 7200]","[3, 4, 5, 4, 5]",Child,Male,5,182320,15.791359174607726
1062,"['Approach', 'None']","[6160, 10880]","[3, 4]",Child,Male,2,62000,5.015404456545102
1063,"['Approach', 'None']","[3040, 15600]","[3, 4]",Child,Male,2,71520,5.86802321415777
1064,"['Approach', 'None', 'Gesture', 'None']","[3600, 18640, 2640, 2960]","[3, 4, 5, 4]",Child,Male,4,110400,9.350146879701942
1065,"['Approach', 'None', 'Touch', 'Gesture', 'None', 'Touch', 'None']","[4560, 13680, 2960, 1680, 8240, 3440, 14480]","[3, 4, 5, 5, 4, 5, 4]",Child,Male,7,199680,17.346134556136704
1066,"['Approach', 'Touch', 'None', 'Touch', 'None', 'Touch', 'None', 'Touch', 'None', 'Gesture', 'None', 'Touch', 'None', 'Gesture', 'None', 'Touch', 'None', 'Gesture', 'None']","[1680, 3520, 14800, 5200, 14320, 2640, 24320, 3120, 10320, 4560, 46800, 4160, 1040, 2480, 7200, 3040, 71440, 3120, 4800]","[3, 5, 4, 5, 4, 5, 4, 5, 4, 5, 4, 5, 4, 5, 4, 5, 4, 5, 4]",Child,Male,19,944400,84.04384896467722
1067,"['Approach', 'None']","[2320, 30720]","[3, 4]",Child,Male,2,129840,11.091208712474028
1071,"['Approach', 'Touch', 'None', 'Touch', 'None']","[6080, 10960, 9920, 2320, 16640]","[3, 5, 4, 5, 4]",Child,Male,5,190880,16.55799957010819
1074,"['Approach', 'Gesture']","[9040, 1520]","[3, 5]",Child,Male,2,34720,2.572185999856703
1078,"['Approach', 'None']","[6800, 9520]","[3, 4]",Child,Male,2,58480,4.7001504621336965
1097,"['Approach', 'None', 'Touch', 'None']","[12240, 47120, 3680, 35840]","[3, 4, 5, 4]",Adult,Female,4,386960,34.1190800315254
1098,"['Approach', 'Touch', 'None']","[2480, 1920, 18000]","[3, 5, 4]",Adult,Female,3,89040,7.437128322705452
1099,"['Approach', 'None', 'None']","[2800, 5440, 12720]","[3, 4, 4]",Adult,Female,3,81040,6.720641971770437
1100,"['Approach', 'None']","[6080, 33520]","[3, 4]",Adult,Female,2,152320,13.104535358601419
1101,"['Approach', 'None']","[2160, 10000]","[3, 4]",Adult,Female,2,46480,3.6254209357311744
1103,"['Approach', 'None']","[9760, 135360]","[3, 4]",Child,Female,2,570720,50.57677151250268
1104,"['Approach', 'None']","[10400, 6560]","[3, 4]",Child,Female,2,57440,4.607007236512144
1105,"['Approach', 'None']","[5280, 5200]","[3, 4]",Child,Female,2,36640,2.7441427240811063
1106,"['Approach', 'None']","[4560, 20800]","[3, 4]",Child,Female,2,96880,8.139284946621766
1108,"['Approach', 'None', 'Gesture', 'None']","[7680, 5200, 2800, 2400]","[3, 4, 5, 4]",Child,Male,4,67440,5.502615175180913
1109,"['Approach', 'None', 'Gesture', 'None', 'Gesture', 'None']","[5360, 45360, 1840, 36400, 6320, 62800]","[3, 4, 5, 4, 5, 4]",Child,Male,6,635120,56.344486637529556
1110,"['Approach', 'None']","[3840, 11680]","[3, 4]",Child,Male,2,58240,4.6786558716056454
1111,"['Approach', 'None']","[4800, 16480]","[3, 4]",Child,Male,2,80320,6.656158200186287
1114,"['Approach', 'Touch']","[12640, 4800]","[3, 5]",Child,Male,2,61920,5.008239593035753
