,code,start,duration,A/C,M/F,appearance
0,"['Approach', 'None']","[56240, 59360]","[2720, 2960]",Child,Female,"{'포니테일, 아이보리색 점퍼, 검정색 바지'}"
1,"['Approach', 'None']","[71420, 77400]","[5520, 6320]",Child,Female,"{'포니테일, 아이보리색 점퍼, 검정색 바지'}"
2,"['Approach', 'None', 'Approach', 'None']","[48240, 56640, 71200, 77400]","[9240, 15600, 5920, 6360]",Child,Male,"{'검정색 점퍼, 청바지, 검정/흰색 운동화'}"
3,"['Approach', 'None']","[238160, 242320]","[4160, 7760]",Child,Male,"{'검정 마스크, 흰색 후리스, 회색 트레이닝 바지'}"
4,"['Approach', 'None', 'Approach', 'None']","[47920, 56480, 71200, 77200]","[8640, 16480, 6000, 6640]",Adult,Female,"{'검정 핸드백, 흰색 점퍼, 아이보리색 바지'}"
5,"['Approach', 'None']","[209600, 216480]","[6880, 13520]",Adult,Female,"{'초록색 맨투맨, 검정 바지'}"
6,"['Approach', 'None', 'Approach', 'None']","[873600, 878560, 886400, 895960]","[5040, 7440, 9280, 19120]",Child,Male,"{'연두색 후리스, 흰색 바지'}"
7,"['Approach', 'None']","[918960, 922480]","[3520, 14160]",Child,Male,"{'연두색 후리스, 흰색 바지'}"
8,"['Approach', 'None']","[838000, 844000]","[6000, 960]",Child,Male,"{'검정색 마스크, 회색 맨투맨, 회색 트레이닝 바지'}"
9,"['Approach', 'None']","[891280, 900480]","[8720, 17520]",Child,Male,"{'검정색 마스크, 회색 맨투맨, 회색 트레이닝 바지'}"
10,"['Approach', 'None', 'Approach', 'Touch', 'None', 'Gesture']","[839120, 851200, 856720, 860280, 863560, 867400]","[12160, 5520, 3120, 3280, 3840, 4960]",Adult,Female,"{'검정 크로스백, 회색 맨투맨, 검정색 바지'}"
11,"['Approach', 'None', 'None', 'Approach', 'None', 'Approach', 'Touch', 'None']","[885160, 889360, 893320, 908680, 911240, 926440, 927720, 930680]","[8160, 34160, 15280, 2560, 15200, 1280, 2960, 6080]",Adult,Female,"{'검정 크로스백, 회색 맨투맨, 검정색 바지'}"
12,"['Approach', 'None', 'Touch', 'None']","[783840, 824520, 844320, 848040]","[40680, 18880, 4720, 39040]",Adult,Female,"{'초록색 맨투맨, 검정 바지'}"
13,"['Approach', 'None', 'Touch', 'None', 'Touch', 'None']","[842320, 848240, 852960, 854000, 857600, 864320]","[5920, 4720, 1280, 3600, 6720, 12000]",Child,Male,"{'검정색 맨투맨, 검정색 바지, 흰색 운동화'}"
14,"['Approach', 'None', 'Touch', 'None']","[790960, 827680, 833120, 837040]","[36400, 5440, 3920, 3200]",Child,Female,"{'포니테일, 아이보리색 점퍼, 검정색 바지'}"
15,"['Approach', 'None']","[791120, 816400]","[27120, 9600]",Child,Male,"{'검정색 점퍼, 청바지, 검정/흰색 운동화'}"
16,"['Approach', 'None', 'Touch', 'None', 'Gesture', 'None', 'Follow', 'Avoid', 'Follow']","[2674240, 2684000, 2698480, 2712320, 2719840, 2729360, 2737360, 2750000, 2764440]","[9760, 14480, 13840, 7520, 9520, 8800, 15280, 15440, 8240]",Child,Female,"{'연보라색 조끼, 검정 바지'}"
17,"['Approach', 'Gesture', 'None', 'Gesture', 'Touch', 'None', 'Gesture', 'None', 'Touch', 'None', 'Gesture', 'None']","[2647040, 2655120, 2656880, 2659440, 2661760, 2664800, 2680960, 2686880, 2691200, 2710400, 2720400, 2727440]","[8080, 1760, 2560, 2320, 3040, 16160, 5680, 4320, 19200, 10000, 7040, 8000]",Child,Female,"{'베이지색 조끼, 흰색 상의, 크로스백'}"
18,"['Approach', 'Gesture', 'None']","[2646080, 2654560, 2659680]","[8480, 5160, 77440]",Adult,Male,"{'검정색 상의, 검정색 바지'}"
19,"['Approach', 'None']","[2675360, 2685840]","[10160, 45040]",Adult,Female,"{'단발 머리, 검정색 롱 코트'}"
20,"['Approach', 'None']","[287480, 292680]","[5200, 7600]",Child,Male,"{'초록색 점퍼, 청바지'}"
21,"['Approach', 'None']","[287480, 295080]","[7680, 6480]",Child,Male,"{'검정색 점퍼, 갈색 바지'}"
22,"['Approach', 'Gesture']","[419680, 425040]","[5360, 3360]",Adult,Female,"{'흰색 머리띠, 초록색 크로스백, 흰색 후리스, 청바지'}"
23,"['Approach', 'Gesture']","[420000, 420320]","[3520, 3120]",Child,Male,"{'검정색 점퍼, 회색 바지, 흰색 운동화'}"
24,"['Approach', 'None']","[776360, 793880]","[17520, 10720]",Adult,Female,"{'흰색 머리띠, 초록색 크로스백, 흰색 후리스, 청바지'}"
25,"['Approach', 'Touch', 'Gesture']","[776120, 794200, 799320]","[17840, 5120, 1200]",Child,Male,"{'검정색 점퍼, 회색 바지, 흰색 운동화'}"
26,"['Approach', 'Gesture']","[200440, 203240]","[3800, 2480]",Child,Male,"{'흰색 점퍼, 빨간색 바지'}"
27,"['Approach', 'None']","[1514480, 1523760]","[9280, 16000]",Adult,Male,"{'안경, 크로스백, 검정색 상의, 검정색 바지'}"
28,"['Approach', 'None', 'Gesture', 'None']","[1382600, 1390600, 1391400, 1395320]","[7680, 800, 3920, 3840]",Adult,Female,"{'초록색 모자, 빨간색 크로스백, 흰색 후리스'}"
29,"['Approach', 'None', 'Gesture']","[1385920, 1395040, 1401120]","[9120, 6080, 2880]",Child,Female,"{'검정색 점퍼, 분홍색 상의'}"
30,"['Approach', 'Gesture', 'None', 'Gesture']","[1396480, 1400880, 1402880, 1409040]","[4400, 2000, 6160, 4240]",Child,Male,"{'검정색 후드, 흰색 상의'}"
31,"['Approach', 'Gesture', 'None']","[1515200, 1525760, 1538400]","[10560, 13080, 5360]",Child,Male,"{'검정색 후드, 흰색 상의'}"
32,"['Approach', 'Gesture']","[1603840, 1609600]","[5760, 4960]",Child,Male,"{'검정색 후드, 흰색 상의'}"
33,"['Approach', 'None']","[1569040, 1572240]","[3200, 1920]",Child,Female,"{'양갈래 머리, 하늘색 가방, 흰색 상의, 회색 바지'}"
34,"['Approach', 'None', 'Touch', 'None', 'Touch', 'None', 'Follow']","[1700320, 1710640, 1712240, 1714560, 1725680, 1728240, 1757840]","[10000, 1600, 2320, 11120, 2560, 29520, 12240]",Child,Female,"{'양갈래 머리, 하늘색 가방, 흰색 상의, 회색 바지'}"
35,"['Approach', 'None', 'Gesture']","[1681520, 1691200, 1696480]","[9040, 5280, 4000]",Child,Female,"{'묶은 머리, 하늘색 가방, 흰색 상의, 회색 바지'}"
36,"['Approach', 'None', 'Follow']","[1704000, 1711280, 1757840]","[7280, 47840, 11680]",Child,Female,"{'묶은 머리, 하늘색 가방, 흰색 상의, 회색 바지'}"
37,"['Approach', 'None']","[1565600, 1569600]","[4000, 4240]",Adult,Female,"{'짧은 머리, 회색 점퍼, 검정색 신발'}"
38,"['Approach', 'None', 'Touch']","[1688480, 1698240, 1701240]","[9760, 3040, 10280]",Adult,Female,"{'짧은 머리, 회색 점퍼, 검정색 신발'}"
39,"['Approach', 'None', 'Follow']","[1737360, 1742880, 1762320]","[5520, 19920, 11280]",Adult,Female,"{'짧은 머리, 회색 점퍼, 검정색 신발'}"
40,"['Approach', 'None']","[1728920, 1741160]","[11280, 17120]",Adult,Male,"{'회색 가방, 검정색 후드, 청바지'}"
41,"['Approach', 'None']","[1728240, 1735440]","[7200, 24240]",Adult,Female,"{'파란색 가방, 초록/베이지 상의, 흰색 바지'}"
42,"['Approach', 'None', 'Follow']","[1685360, 1694240, 1759680]","[8880, 65440, 10000]",Child,Male,{'땡땡이 트레이닝복'}
43,"['Approach', 'None']","[477480, 487320]","[8560, 5520]",Adult,Female,"{'흰색 가방, 단발머리, 갈색 롱코트'}"
44,"['Approach', 'None']","[2918400, 2929520]","[11120, 1600]",Adult,Male,"{'셔츠 위 조끼, 검정색 바지, 흰색 운동화'}"
45,"['Approach', 'None', 'Gesture', 'None']","[3015360, 3023120, 3031520, 3035920]","[7760, 8400, 4400, 6160]",Adult,Male,"{'셔츠 위 조끼, 검정색 바지, 흰색 운동화'}"
46,"['Approach', 'Avoid', 'Follow', 'Avoid', 'Approach', 'None', 'Touch', 'None']","[2989600, 2993680, 2999920, 3010400, 3014960, 3027760, 3032960, 3040000]","[4080, 6240, 10480, 4560, 12800, 5200, 7120, 2080]",Child,Female,"{'빨간 리본, 양갈래 머리, 무지개색 상의'}"
47,"['Follow', 'None', 'Approach', 'None', 'Touch', 'None']","[11120, 16800, 25280, 33120, 34560, 40880]","[5680, 8480, 6000, 1440, 6320, 14960]",Adult,Male,"{'셔츠 위 조끼, 검정색 바지, 흰색 운동화'}"
48,"['Approach', 'None', 'Gesture', 'None', 'Touch', 'None', 'Touch', 'None', 'Touch', 'None', 'Touch', 'Approach', 'Touch', 'None', 'Touch', 'None', 'Approach', 'None']","[218000, 225760, 230960, 234400, 236320, 239360, 275720, 279560, 320240, 324880, 370800, 377600, 380960, 381200, 386960, 390160, 396960, 399760]","[7760, 5200, 3440, 1920, 3040, 35960, 3840, 40000, 4640, 45920, 6560, 3360, 13360, 5760, 3200, 6080, 1800, 25920]",Adult,Male,"{'셔츠 위 조끼, 검정색 바지, 흰색 운동화'}"
49,"['Approach', 'Avoid', 'None']","[479920, 492160, 495840]","[12240, 3680, 5120]",Adult,Male,"{'셔츠 위 조끼, 검정색 바지, 흰색 운동화'}"
50,"['Follow', 'Approach', 'None', 'Touch', 'None']","[11040, 21600, 29200, 30720, 41840]","[8640, 7600, 1520, 11120, 10480]",Child,Female,"{'빨간 리본, 양갈래 머리, 무지개색 상의'}"
51,"['Approach', 'None']","[90640, 97520]","[6880, 20640]",Child,Female,"{'빨간 리본, 양갈래 머리, 무지개색 상의'}"
52,"['Approach', 'None']","[120720, 124160]","[3520, 3040]",Child,Female,"{'빨간 리본, 양갈래 머리, 무지개색 상의'}"
53,"['Approach', 'None', 'Touch', 'None', 'Touch', 'None', 'Touch', 'Gesture', 'None', 'Gesture', 'None']","[213600, 216240, 227440, 232880, 235600, 241600, 244000, 247680, 253840, 254440, 256920]","[2320, 11200, 5440, 2720, 6000, 2400, 3680, 6120, 600, 2480, 47400]",Child,Female,"{'빨간 리본, 양갈래 머리, 무지개색 상의'}"
54,"['Approach', 'None', 'Approach', 'Touch']","[308560, 311600, 317200, 321360]","[3040, 5680, 4160, 2880]",Child,Female,"{'빨간 리본, 양갈래 머리, 무지개색 상의'}"
55,"['Approach', 'Touch']","[326640, 332960]","[6320, 2960]",Child,Female,"{'빨간 리본, 양갈래 머리, 무지개색 상의'}"
56,"['Approach', 'None', 'Touch']","[338320, 341520, 344400]","[3200, 2880, 4000]",Child,Female,"{'빨간 리본, 양갈래 머리, 무지개색 상의'}"
57,"['Approach', 'Touch']","[352000, 357680]","[5680, 2200]",Child,Female,"{'빨간 리본, 양갈래 머리, 무지개색 상의'}"
58,"['Approach', 'None', 'Approach', 'None']","[365040, 372960, 381120, 385360]","[7920, 8160, 4240, 6320]",Child,Female,"{'빨간 리본, 양갈래 머리, 무지개색 상의'}"
59,"['Approach', 'None', 'Touch', 'Approach', 'None', 'Touch', 'None', 'Approach']","[394080, 399120, 401680, 404320, 408000, 409760, 413200, 424800]","[5040, 2560, 3440, 3680, 1760, 3440, 11040, 2720]",Child,Female,"{'빨간 리본, 양갈래 머리, 무지개색 상의'}"
60,"['Approach', 'None', 'Approach', 'Touch']","[479120, 482560, 486080, 489200]","[3200, 3520, 3120, 4160]",Child,Female,"{'빨간 리본, 양갈래 머리, 무지개색 상의'}"
61,"['Approach', 'None']","[123560, 142360]","[18800, 1600]",Adult,Female,"{'갈색 후드, 흰색 바지, 배낭'}"
62,"['Approach', 'None']","[135920, 144960]","[9040, 5040]",Adult,Male,"{'검정색 마스크, 회색 상의, 검정색 바지'}"
63,"['Approach', 'Touch', 'None']","[130920, 137400, 140280]","[6540, 2880, 33120]",Child,Male,"{'하늘색 상의, 검은색 바지'}"
64,"['Approach', 'None', 'Touch', 'None']","[128040, 136120, 145720, 153880]","[8080, 9600, 8160, 18240]",Child,Male,"{'검은색 상의, 검은색 바지(흰 줄)'}"
65,"['Approach', 'None', 'Approach', 'Gesture', 'None']","[218000, 227040, 359520, 362560, 365600]","[8000, 131440, 3040, 3040, 26480]",Adult,Female,"{'회색 상의, 청바지, 흰색 운동화'}"
66,"['Approach', 'None']","[397200, 400160]","[2960, 30400]",Adult,Female,"{'회색 상의, 청바지, 흰색 운동화'}"
67,"['Approach', 'None']","[482800, 494320]","[11520, 7840]",Adult,Female,"{'회색 상의, 청바지, 흰색 운동화'}"
68,"['Approach', 'Touch']","[217120, 222240]","[5120, 9520]",Child,Male,"{'검정색 후드(팔에 줄무늬), 검은 바지, 검정색 운동화'}"
69,"['Approach', 'None']","[265360, 268640]","[3280, 79680]",Child,Male,"{'검정색 후드(팔에 줄무늬), 검은 바지, 검정색 운동화'}"
70,"['Approach', 'None', 'Gesture', 'Touch', 'None', 'Approach', 'None']","[353240, 361640, 386440, 388680, 393800, 422920, 426120]","[8400, 24800, 2240, 5120, 29120, 3200, 6880]",Child,Male,"{'검정색 후드(팔에 줄무늬), 검은 바지, 검정색 운동화'}"
71,"['Approach', 'Touch', 'Gesture', 'None', 'Follow']","[458520, 466360, 484120, 490120, 497480]","[7840, 17760, 6000, 6960, 17440]",Child,Male,"{'검정색 후드(팔에 줄무늬), 검은 바지, 검정색 운동화'}"
72,"['Approach', 'None']","[1026320, 1033680]","[7360, 7440]",Adult,Female,"{'회색 상의, 청바지, 흰색 운동화'}"
73,"['Approach', 'Touch', 'None', 'Touch', 'None']","[832360, 843880, 855400, 860280, 863080]","[11520, 12480, 4880, 2800, 16320]",Child,Male,"{'검정색 후드(팔에 줄무늬), 검은 바지, 검정색 운동화'}"
74,"['Approach', 'Touch', 'None']","[1004000, 1011520, 1025920]","[7520, 14400, 30960]",Child,Male,"{'검정색 후드(팔에 줄무늬), 검은 바지, 검정색 운동화'}"
75,"['Approach', 'None']","[1089040, 1096480]","[7440, 3360]",Child,Male,"{'검정색 후드(팔에 줄무늬), 검은 바지, 검정색 운동화'}"
76,"['Approach', 'Touch']","[971280, 978720]","[7440, 9200]",Adult,Female,"{'갈색 롱코트, 청바지'}"
77,"['Approach', 'None', 'Approach', 'Touch', 'None', 'Touch', 'None', 'Touch', 'None', 'Approach']","[1036720, 1047280, 1057160, 1060480, 1064320, 1081600, 1085280, 1112640, 1150080, 1157160]","[10560, 10960, 3320, 3840, 17280, 3680, 27360, 38840, 7840, 3520]",Adult,Female,"{'갈색 롱코트, 청바지'}"
78,"['Approach', 'Touch', 'Avoid']","[1230880, 1237440, 1245520]","[6560, 8080, 7360]",Adult,Female,"{'갈색 롱코트, 청바지'}"
79,"['Approach', 'Gesture', 'None', 'Touch', 'None', 'Touch', 'None', 'Touch']","[1263920, 1271760, 1278160, 1302720, 1311600, 1318400, 1331840, 1333440]","[7840, 6400, 24480, 8880, 6800, 13520, 1600, 10400]",Adult,Female,"{'갈색 롱코트, 청바지'}"
80,"['Approach', 'Gesture', 'None']","[881400, 884280, 886760]","[2880, 2880, 9360]",Adult,Male,"{'검정색 상의 안 회색 티, 검정색 바지, 흰색 운동화'}"
81,"['Approach', 'None', 'Gesture', 'None', 'None', 'Approach', 'None', 'Touch', 'None', 'Approach', 'None']","[1095600, 1112080, 1138320, 1140640, 1148000, 1161200, 1167200, 1169760, 1180000, 1185120, 1187920]","[16480, 26240, 2320, 7760, 13440, 6000, 2560, 9840, 4160, 2800, 6960]",Adult,Male,"{'검정색 상의 안 회색 티, 검정색 바지, 흰색 운동화'}"
82,"['Approach', 'None', 'Avoid']","[1230880, 1242240, 1248800]","[11360, 6720, 8000]",Adult,Male,"{'검정색 상의 안 회색 티, 검정색 바지, 흰색 운동화'}"
83,"['Approach', 'None']","[1386080, 1395600]","[9520, 38080]",Adult,Male,"{'검정색 상의 안 회색 티, 검정색 바지, 흰색 운동화'}"
84,"['Approach', 'None', 'Gesture', 'None', 'Gesture']","[884040, 887640, 890280, 897720, 900760]","[3600, 2640, 7440, 3040, 3240]",Child,Male,"{'베이지색 상의, 검정색 바지'}"
85,"['Approach', 'None', 'Gesture', 'None', 'Approach', 'None', 'Touch', 'None', 'Touch', 'None', 'Touch', 'Gesture', 'None', 'Gesture', 'None']","[1049280, 1059920, 1070720, 1078560, 1088640, 1093760, 1104840, 1108840, 1124120, 1128920, 1158520, 1161320, 1166520, 1174360, 1180680]","[10640, 10800, 7840, 10000, 5120, 11080, 4000, 15280, 4800, 29600, 2800, 5200, 7840, 6320, 12240]",Child,Male,"{'베이지색 상의, 검정색 바지'}"
86,"['Approach', 'None', 'Avoid']","[1228880, 1239680, 1247760]","[10800, 8080, 7200]",Child,Male,"{'베이지색 상의, 검정색 바지'}"
87,"['Approach', 'None', 'Gesture', 'None', 'Touch', 'None', 'Gesture', 'None', 'Gesture']","[1265040, 1270720, 1273600, 1280880, 1334880, 1339280, 1369840, 1372240, 1375200]","[5680, 2880, 7280, 53920, 4400, 30480, 2400, 2960, 7760]",Child,Male,"{'베이지색 상의, 검정색 바지'}"
88,"['Approach', 'None']","[1386080, 1394080]","[8000, 8320]",Child,Male,"{'베이지색 상의, 검정색 바지'}"
89,"['Approach', 'Gesture', 'None']","[1453840, 1461200, 1468400]","[7360, 7200, 11200]",Child,Male,"{'베이지색 상의, 검정색 바지'}"
90,"['Approach', 'Gesture', 'None', 'Gesture', 'None']","[1568400, 1580080, 1587600, 1590640, 1594160]","[10240, 7520, 3040, 3520, 16080]",Child,Male,"{'베이지색 상의, 검정색 바지'}"
91,"['Approach', 'Touch', 'Gesture', 'Touch', 'Gesture']","[457440, 462720, 468840, 473560, 505640]","[5280, 6120, 4720, 32080, 7360]",Child,Female,"{'베이지색 상의, 청바지, 흰색 운동화'}"
92,"['Approach', 'Touch']","[515240, 519800]","[4560, 36800]",Child,Female,"{'베이지색 상의, 청바지, 흰색 운동화'}"
93,"['Approach', 'Touch']","[474200, 485240]","[11040, 44880]",Child,Female,"{'묶은 머리, 검정 상의, 흰색 조끼, 검정 바지'}"
94,"['Approach', 'Touch', 'Approach', 'None']","[507640, 514600, 540760, 546920]","[6960, 26160, 6160, 9680]",Child,Female,"{'검정 상의, 흰색 조끼, 회색 바지'}"
95,"['Approach', 'Gesture']","[435800, 441800]","[6000, 5320]",Child,Female,"{'민트색 상의, 베이지색 바지'}"
96,"['Approach', 'None']","[488120, 511560]","[23440, 45040]",Child,Female,"{'분홍색 상의, 분홍색 레이스 치마, 회색 바지'}"
97,"['Approach', 'Touch']","[431960, 451720]","[19760, 13120]",Child,Female,"{'검정색 상의, 차콜색 바지'}"
98,"['Approach', 'None', 'Gesture']","[469560, 472920, 543960]","[3360, 71040, 12680]",Child,Female,"{'검정색 상의, 차콜색 바지'}"
99,"['Approach', 'None']","[507080, 517080]","[10000, 22760]",Child,Male,"{'회색 후드, 회색 트레이닝 바지, 검정색 운동화'}"
100,"['Approach', 'None']","[544640, 553680]","[9040, 2960]",Child,Male,"{'회색 후드, 회색 트레이닝 바지, 검정색 운동화'}"
101,"['Approach', 'None']","[437600, 453520]","[15920, 8560]",Child,Female,"{'빨간색 상의, 청바지, 흰색 운동화'}"
102,"['Approach', 'None']","[510640, 519600]","[8960, 37040]",Child,Female,"{'빨간색 상의, 청바지, 흰색 운동화'}"
103,"['Approach', 'Gesture']","[445240, 463400]","[18160, 45360]",Child,Female,"{'반묶음 머리, 체크무늬 상의, 검정색 바지'}"
104,"['Approach', 'Touch']","[19040, 25520]","[6480, 49040]",Child,Male,"{'검정 모자, 파란색 상의, 검정 조끼, 파란색 바지'}"
105,"['Approach', 'None']","[23600, 28240]","[4640, 11280]",Child,Female,"{'베이지색 상의, 청바지, 흰색 운동화'}"
106,"['Approach', 'Touch', 'Approach', 'Touch']","[151120, 155200, 208640, 211520]","[4080, 52560, 2880, 86720]",Child,Female,"{'베이지색 상의, 청바지, 흰색 운동화'}"
107,"['Approach', 'None']","[62880, 76000]","[13120, 8320]",Child,Female,"{'묶은 머리, 검정 상의, 흰색 조끼, 검정 바지'}"
108,"['Approach', 'Touch', 'Follow', 'Approach', 'Touch', 'Approach', 'None']","[95040, 101200, 103840, 138560, 142560, 206480, 212400]","[6160, 2640, 34720, 4000, 63920, 5920, 38960]",Child,Female,"{'묶은 머리, 검정 상의, 흰색 조끼, 검정 바지'}"
109,"['Approach', 'None']","[253920, 260320]","[6400, 5120]",Child,Female,"{'묶은 머리, 검정 상의, 흰색 조끼, 검정 바지'}"
110,"['Approach', 'Touch']","[305120, 313120]","[8000, 32000]",Child,Female,"{'묶은 머리, 검정 상의, 흰색 조끼, 검정 바지'}"
111,"['Approach', 'None']","[357280, 367040]","[9760, 11840]",Child,Female,"{'묶은 머리, 검정 상의, 흰색 조끼, 검정 바지'}"
112,"['Approach', 'Follow']","[100280, 106520]","[6240, 38400]",Child,Female,"{'검정 상의, 흰색 조끼, 회색 바지'}"
113,"['Approach', 'Touch']","[154200, 156920]","[2720, 94640]",Child,Female,"{'검정 상의, 흰색 조끼, 회색 바지'}"
114,"['Approach', 'None', 'Approach', 'None']","[256040, 260760, 274360, 278680]","[4720, 14640, 4320, 22400]",Child,Female,"{'검정 상의, 흰색 조끼, 회색 바지'}"
115,"['Approach', 'None']","[339400, 347960]","[8560, 12880]",Child,Female,"{'검정 상의, 흰색 조끼, 회색 바지'}"
116,"['Approach', 'Touch']","[376720, 380080]","[3360, 2880]",Child,Male,"{'줄무늬 검정색 상의, 줄무늬 검정색 하의'}"
117,"['Approach', 'Touch']","[394560, 399520]","[4960, 4240]",Child,Male,"{'줄무늬 검정색 상의, 줄무늬 검정색 하의'}"
118,"['Approach', 'Touch', 'Approach', 'Touch', 'Approach', 'Avoid', 'Follow', 'Avoid', 'Follow', 'Follow', 'Approach', 'None']","[0, 3960, 38160, 40480, 97680, 102000, 107600, 119440, 128160, 133440, 139520, 151040]","[3960, 33960, 2320, 56560, 4360, 5600, 11840, 8560, 5280, 6080, 11520, 10320]",Child,Male,"{'회색 맨투맨, 검정 바지, 흰색 운동화'}"
119,"['Approach', 'None']","[311640, 317240]","[5600, 3440]",Child,Male,"{'회색 맨투맨, 검정 바지, 흰색 운동화'}"
120,"['Approach', 'None']","[362520, 369640]","[7120, 8960]",Child,Male,"{'회색 맨투맨, 검정 바지, 흰색 운동화'}"
121,"['Approach', 'Touch', 'Approach', 'Touch']","[28560, 32800, 78320, 80400]","[4240, 45120, 2080, 12560]",Child,Male,"{'차콜색 후드, 검정 바지, 검은색/흰색 운동화'}"
122,"['Approach', 'Avoid', 'Follow']","[103920, 107840, 111360]","[3920, 3520, 24480]",Child,Male,"{'차콜색 후드, 검정 바지, 검은색/흰색 운동화'}"
123,"['Approach', 'Touch', 'Approach', 'None']","[140800, 152480, 235600, 239600]","[11680, 81920, 2640, 23760]",Child,Male,"{'차콜색 후드, 검정 바지, 검은색/흰색 운동화'}"
124,"['Approach', 'None']","[267040, 271840]","[4800, 33280]",Child,Male,"{'차콜색 후드, 검정 바지, 검은색/흰색 운동화'}"
125,"['Approach', 'Touch']","[313360, 315360]","[2000, 63680]",Child,Male,"{'차콜색 후드, 검정 바지, 검은색/흰색 운동화'}"
126,"['Approach', 'None']","[210800, 218480]","[7680, 83840]",Child,Female,"{'분홍색 상의, 분홍색 레이스 치마, 회색 바지'}"
127,"['Approach', 'Touch']","[314640, 323040]","[8400, 56800]",Child,Female,"{'분홍색 상의, 분홍색 레이스 치마, 회색 바지'}"
128,"['Approach', 'None']","[25280, 32720]","[7440, 6000]",Child,Female,"{'검정색 상의, 차콜색 바지'}"
129,"['Approach', 'Touch']","[288480, 292640]","[4160, 4800]",Child,Female,"{'검정색 상의, 차콜색 바지'}"
130,"['Approach', 'Gesture', 'Avoid']","[109760, 111840, 114720]","[2080, 4160, 14000]",Child,Male,"{'회색 후드(등에 LA), 회색 트레이닝 바지, 흰색 운동화'}"
131,"['Approach', 'Touch', 'Approach', 'None', 'Approach', 'None']","[138640, 144480, 181120, 191200, 207920, 214320]","[5840, 35600, 10080, 16720, 6400, 83680]",Child,Male,"{'회색 후드(등에 LA), 회색 트레이닝 바지, 흰색 운동화'}"
132,"['Approach', 'None', 'Approach', 'Approach', 'None']","[314480, 318960, 325440, 329360, 331600]","[4480, 6480, 2800, 2240, 13200]",Child,Male,"{'회색 후드(등에 LA), 회색 트레이닝 바지, 흰색 운동화'}"
133,"['Approach', 'None']","[130880, 135600]","[4720, 6080]",Child,Male,"{'회색 후드, 회색 트레이닝 바지, 검정색 운동화'}"
134,"['Approach', 'None']","[25200, 32080]","[6880, 9040]",Child,Female,"{'빨간색 상의, 청바지, 흰색 운동화'}"
135,"['Approach', 'None']","[242000, 247200]","[5200, 31760]",Child,Female,"{'빨간색 상의, 청바지, 흰색 운동화'}"
136,"['Approach', 'None']","[168080, 178320]","[10240, 10720]",Child,Female,"{'반묶음 머리, 체크무늬 상의, 검정색 바지'}"
137,"['Approach', 'None']","[253360, 259680]","[6320, 41280]",Child,Female,"{'반묶음 머리, 체크무늬 상의, 검정색 바지'}"
138,"['Approach', 'None']","[35360, 48080]","[12720, 37600]",Child,Male,"{'회색 후드, 아이보리색 점퍼, 검정색 바지'}"
139,"['Approach', 'None']","[222720, 241040]","[17200, 59760]",Child,Male,"{'회색 후드, 아이보리색 점퍼, 검정색 바지'}"
140,"['Approach', 'None']","[375440, 384400]","[8960, 3040]",Child,Male,"{'회색 후드, 아이보리색 점퍼, 검정색 바지'}"
141,"['Approach', 'None']","[291680, 299040]","[7360, 2880]",Child,Female,"{'검정색 상의, 검정색 치마, 검정색 반스타킹'}"
142,"['Approach', 'Avoid']","[109600, 111760]","[2160, 17200]",Child,Male,"{'검정색 상의(소매에 흰색 줄무늬), 회색 바지, 베이지색 운동화'}"
143,"['Approach', 'None']","[144560, 153920]","[9360, 149920]",Child,Male,"{'검정색 상의(소매에 흰색 줄무늬), 회색 바지, 베이지색 운동화'}"
144,"['Approach', 'Touch', 'Approach', 'None', 'Approach', 'None']","[310240, 316480, 347040, 349840, 360720, 365040]","[6240, 30080, 2800, 10880, 4320, 13040]",Child,Male,"{'검정색 상의(소매에 흰색 줄무늬), 회색 바지, 베이지색 운동화'}"
145,"['Approach', 'None', 'Approach', 'None', 'Approach', 'None', 'Approach', 'None']","[6960, 41120, 44080, 48880, 69440, 73040, 76480, 85280]","[34160, 2960, 4800, 20560, 3600, 3440, 8800, 10880]",Child,Female,"{'흰색 머리끈, 검정색 상의, 검정색 바지, 흰색 운동화'}"
146,"['Approach', 'Follow', 'None']","[123520, 129200, 142800]","[5680, 13600, 17680]",Child,Female,"{'흰색 머리끈, 검정색 상의, 검정색 바지, 흰색 운동화'}"
147,"['Approach', 'None', 'Touch']","[197360, 201280, 274480]","[3920, 73200, 29920]",Child,Female,"{'흰색 머리끈, 검정색 상의, 검정색 바지, 흰색 운동화'}"
148,"['Approach', 'None', 'Approach', 'Touch']","[315600, 322880, 344000, 348320]","[7280, 20080, 4320, 32560]",Child,Female,"{'흰색 머리끈, 검정색 상의, 검정색 바지, 흰색 운동화'}"
149,"['Approach', 'Touch', 'Gesture', 'Touch']","[10000, 18080, 45760, 61760]","[7120, 27680, 16000, 33840]",Child,Male,"{'무릎까지 오는 긴 점퍼, 줄무늬 검정 트레이닝복'}"
150,"['Approach', 'None']","[210000, 215200]","[5200, 38880]",Adult,Female,"{'갈색 코트, 검정색 바지, 흰색 운동화'}"
151,"['Approach', 'None']","[233360, 238640]","[5280, 15840]",Adult,Female,"{'크로스백, 분홍색 점퍼, 검은색 바지'}"
152,"['Approach', 'Gesture']","[133720, 143320]","[9600, 9920]",Adult,Female,"{'검정색 상의, 청바지'}"
153,"['Approach', 'Gesture', 'Touch']","[575920, 581280, 599360]","[5360, 18080, 4160]",Child,Male,"{'검정색 후드, 차콜색 바지'}"
154,"['Approach', 'Gesture']","[621680, 626880]","[5200, 3200]",Child,Male,"{'검정색 후드, 차콜색 바지'}"
155,"['Approach', 'None']","[1435360, 1450880]","[15520, 640]",Child,Female,"{'분홍색 상의, 분홍색 치마'}"
156,"['Approach', 'Gesture']","[1574240, 1585440]","[11200, 26560]",Child,Female,"{'분홍색 상의, 분홍색 치마'}"
157,"['Approach', 'Touch', 'Approach', 'Touch', 'Approach', 'Avoid']","[1635840, 1643600, 1687680, 1691520, 1746960, 1749840]","[7760, 44080, 3840, 55840, 2880, 5200]",Child,Female,"{'분홍색 상의, 분홍색 치마'}"
158,"['Approach', 'None']","[1443240, 1450040]","[6800, 2240]",Child,Male,"{'회색 조끼, 검정색 바지'}"
159,"['Approach', 'None']","[1574520, 1583800]","[9280, 29280]",Child,Male,"{'회색 조끼, 검정색 바지'}"
160,"['Approach', 'None', 'Approach']","[1634840, 1644360, 1649880]","[9520, 5520, 2160]",Child,Male,"{'회색 조끼, 검정색 바지'}"
161,"['Approach', 'Touch']","[1660440, 1668360]","[7920, 18080]",Child,Male,"{'회색 조끼, 검정색 바지'}"
162,"['Approach', 'Gesture', 'Touch', 'Gesture', 'Avoid']","[1697240, 1701960, 1708920, 1721800, 1749160]","[4720, 6960, 12880, 27360, 6640]",Child,Male,"{'회색 조끼, 검정색 바지'}"
163,"['Approach', 'None']","[1571920, 1580880]","[8960, 32480]",Adult,Female,"{'분홍색 아이 가방, 파란색 상의, 검정색 바지'}"
164,"['Approach', 'Touch', 'Approach', 'None']","[1654640, 1659920, 1731760, 1738560]","[5280, 71840, 6800, 3440]",Adult,Female,"{'분홍색 아이 가방, 파란색 상의, 검정색 바지'}"
165,"['Approach', 'None']","[1440840, 1448600]","[7760, 3440]",Adult,Female,"{'검정색 가방, 검정색 상의, 검정색 바지'}"
166,"['Approach', 'None']","[1594120, 1601960]","[7840, 9440]",Adult,Female,"{'검정색 가방, 검정색 상의, 검정색 바지'}"
167,"['Approach', 'None']","[1658600, 1664840]","[6240, 24000]",Adult,Female,"{'검정색 가방, 검정색 상의, 검정색 바지'}"
168,"['Approach', 'None', 'Avoid']","[1737160, 1744040, 1747880]","[6880, 3840, 7040]",Adult,Female,"{'검정색 가방, 검정색 상의, 검정색 바지'}"
169,"['Approach', 'Touch']","[171800, 184200]","[12400, 2080]",Child,Female,"{'분홍색 상의, 분홍색 치마'}"
170,"['Approach', 'Touch', 'Touch', 'None', 'Touch', 'None', 'Touch', 'None', 'Approach', 'None', 'Touch', 'Gesture', 'None']","[2827400, 2833560, 2833560, 2840120, 2845800, 2856040, 2859240, 2862040, 2871960, 2874120, 2876440, 2878840, 2879720]","[6160, 6560, 134880, 5680, 10240, 3200, 2800, 8720, 2160, 2320, 3360, 4800, 0]",Child,Female,"{'분홍색 상의, 분홍색 치마'}"
171,"['Approach', 'Touch', 'None', 'Touch', 'None']","[2836160, 2847520, 2853680, 2855200, 2859040]","[11360, 6160, 1520, 3840, 9040]",Child,Male,"{'회색 조끼, 검정색 바지'}"
172,"['Approach', 'None', 'Touch']","[2871040, 2876160, 2890960]","[5120, 14800, 13120]",Child,Male,"{'회색 조끼, 검정색 바지'}"
173,"['Approach', 'Approach', 'Touch', 'None']","[2907680, 2910560, 2916160, 2961040]","[2880, 5600, 44880, 9120]",Child,Male,"{'회색 조끼, 검정색 바지'}"
174,"['Approach', 'Gesture']","[98880, 114240]","[15360, 4160]",Child,Male,"{'청록색 상의, 검정색 바지'}"
175,"['Approach', 'None']","[199960, 202760]","[2800, 2720]",Child,Male,"{'청록색 상의, 검정색 바지'}"
176,"['Approach', 'Touch', 'Approach', 'Touch', 'None', 'Touch', 'None', 'Approach', 'None', 'Touch', 'None', 'Touch', 'None']","[2942960, 2950640, 2954400, 2956960, 2959600, 2968880, 2978640, 2982640, 2986160, 2989440, 2991760, 3000160, 3003600]","[8000, 3840, 2560, 2640, 9280, 9840, 5440, 4800, 3280, 2320, 8400, 3440, 22400]",Child,Male,"{'청록색 상의, 검정색 바지'}"
177,"['Approach', 'None']","[111520, 118240]","[6720, 10880]",Child,Male,"{'빨간색 상의, 검정색 바지'}"
178,"['Approach', 'None']","[3018920, 3022760]","[3840, 3200]",Child,Male,"{'빨간색 상의, 검정색 바지'}"
179,"['Avoid', 'Approach', 'Touch', 'None', 'Touch', 'Avoid', 'Follow', 'Approach', 'Approach', 'Touch', 'None', 'Touch', 'None', 'Touch', 'None']","[9280, 18000, 23440, 33360, 34720, 39920, 44480, 51120, 57920, 60480, 69040, 96480, 100320, 107760, 111840]","[8720, 5440, 9920, 1360, 6080, 4560, 7640, 7360, 2320, 8560, 27440, 3840, 7440, 4080, 7200]",Child,Male,"{'청록색 상의, 검정색 바지'}"
180,"['Approach', 'Touch', 'Gesture', 'None', 'Touch']","[132240, 136720, 142920, 145080, 152080]","[4480, 6240, 2160, 7000, 5280]",Child,Male,"{'청록색 상의, 검정색 바지'}"
181,"['Approach', 'None', 'Avoid']","[29040, 32880, 40960]","[3840, 7600, 4400]",Child,Male,"{'빨간색 상의, 검정색 바지'}"
182,"['Approach', 'None']","[66560, 77360]","[10800, 43920]",Child,Male,"{'빨간색 상의, 검정색 바지'}"
183,"['Approach', 'None']","[139760, 146160]","[6400, 12000]",Child,Male,"{'빨간색 상의, 검정색 바지'}"
184,"['Approach', 'None']","[65760, 69840]","[4080, 49280]",Adult,Female,"{'회색 후드티, 검정색 바지, 흰색 운동화'}"
185,"['Approach', 'None']","[135120, 144880]","[9760, 11040]",Adult,Female,"{'회색 후드티, 검정색 바지, 흰색 운동화'}"
186,"['Approach', 'Touch', 'None', 'Touch', 'None']","[2332040, 2334680, 2347480, 2348760, 2354840]","[2640, 12800, 1160, 6080, 11840]",Adult,Male,"{'검정색 상의, 회색 바지'}"
187,"['Approach', 'Touch', 'None', 'Touch', 'None']","[2331800, 2335000, 2344600, 2357160, 2362440]","[3200, 9600, 12560, 5280, 3680]",Child,Male,"{'검정 상의(흰색 모자), 검정색 바지'}"
188,"['Approach', 'Touch', 'None', 'Approach', 'Touch', 'None', 'Touch', 'None', 'Approach', 'None', 'Approach', 'None', 'Touch', 'None', 'Touch', 'None', 'Touch', 'None']","[326960, 339200, 345040, 393760, 396160, 398400, 425200, 428400, 437280, 442640, 467920, 470240, 470880, 473680, 481440, 483920, 505840, 531440]","[12240, 5840, 48720, 2400, 2240, 26800, 3200, 8880, 5360, 25280, 2320, 640, 2800, 7760, 2480, 21920, 25600, 6080]",Adult,Male,"{'검정색 점퍼, 흰색 상의, 검정색 바지, 흰색 운동화'}"
189,"['Approach', 'None', 'Approach', 'Touch', 'None', 'Approach', 'Touch', 'None', 'Touch', 'None', 'Touch', 'None', 'Touch', 'Touch', 'None']","[331280, 341760, 349840, 352000, 354000, 390000, 392880, 399200, 399440, 403120, 406000, 410240, 413680, 418800, 418960]","[10480, 8080, 2160, 2000, 36000, 2880, 6320, 240, 3680, 2880, 4240, 3440, 5280, 2800, 0]",Adult,Female,"{'크로스백, 차콜색 자켓, 청바지'}"
190,"['Approach', 'None', 'Touch', 'None', 'Touch']","[535840, 537920, 544720, 553520, 563280]","[2080, 6800, 8800, 9760, 4320]",Adult,Female,"{'크로스백, 차콜색 자켓, 청바지'}"
191,"['Approach', 'Gesture', 'Approach', 'Touch', 'Approach', 'Gesture', 'None', 'Approach', 'None', 'Touch', 'None', 'Approach', 'None', 'Approach', 'Touch', 'None', 'Touch', 'None', 'Touch', 'None', 'Touch', 'None', 'Touch', 'None', 'Approach', 'Gesture']","[321600, 322560, 324800, 337440, 339680, 341760, 367520, 391520, 395760, 397840, 400640, 451120, 456640, 496640, 509840, 514080, 529920, 532960, 534640, 540160, 542320, 545360, 555680, 562720, 570960, 576880]","[960, 2240, 12640, 2240, 2080, 25760, 24000, 4240, 2080, 2800, 50480, 5520, 40000, 13200, 4240, 15840, 3040, 1680, 5520, 2160, 3040, 10320, 7040, 8240, 5920, 5760]",Child,Male,"{'검정색 상의, 검정색 바지, 검정색 운동화'}"
192,"['Approach', 'None', 'Touch', 'None', 'Touch', 'None', 'Touch', 'None', 'Approach', 'None', 'Touch', 'None', 'Gesture', 'Touch', 'None', 'Touch']","[17200, 28080, 29280, 31680, 32560, 34880, 49760, 53600, 65040, 68160, 70320, 73080, 81360, 84720, 86880, 97680]","[10880, 1200, 2400, 880, 2320, 14880, 3840, 11440, 3120, 2160, 2760, 8280, 3360, 2160, 10800, 2400]",Adult,Male,"{'검정색 점퍼, 흰색 상의, 검정색 바지, 흰색 운동화'}"
193,"['Approach', 'None']","[0, 5120]","[5120, 7840]",Adult,Female,"{'크로스백, 차콜색 자켓, 청바지'}"
194,"['Approach', 'Touch', 'None', 'Touch', 'None', 'Touch', 'None', 'Approach', 'Gesture', 'None']","[20320, 24400, 37760, 41360, 43440, 49120, 58880, 82480, 84160, 86400]","[4080, 13360, 3600, 2080, 5680, 9760, 23600, 1680, 2240, 16560]",Adult,Female,"{'크로스백, 차콜색 자켓, 청바지'}"
195,"['Approach', 'None']","[181520, 193760]","[12240, 4000]",Adult,Female,"{'크로스백, 차콜색 자켓, 청바지'}"
196,"['Approach', 'None', 'Touch', 'None', 'Approach', 'None', 'Touch']","[21600, 25280, 37760, 41520, 47200, 50560, 58960]","[3680, 12480, 3760, 5680, 3360, 8400, 9120]",Child,Male,"{'검정색 상의, 검정색 바지, 검정색 운동화'}"
197,"['Approach', 'None', 'Approach', 'Touch', 'None', 'Touch', 'None', 'Touch']","[99920, 102240, 104800, 106880, 116960, 118800, 125520, 125840]","[2320, 1040, 2080, 10080, 1840, 6720, 320, 3840]",Child,Male,"{'검정색 상의, 검정색 바지, 검정색 운동화'}"
198,"['Approach', 'Touch']","[134480, 135920]","[1440, 1200]",Child,Male,"{'검정색 상의, 검정색 바지, 검정색 운동화'}"
199,"['Approach', 'Gesture']","[141360, 145600]","[4240, 7200]",Child,Male,"{'검정색 상의, 검정색 바지, 검정색 운동화'}"
200,"['Approach', 'None', 'Touch']","[164000, 167600, 171760]","[3600, 4160, 13520]",Child,Male,"{'검정색 상의, 검정색 바지, 검정색 운동화'}"
201,"['Approach', 'Gesture', 'Touch']","[930000, 942880, 944000]","[12880, 1120, 2320]",Child,Male,"{'검정색 상의, 검정색 바지, 검정색 운동화'}"
202,"['Approach', 'None']","[1639400, 1651080]","[11680, 18640]",Adult,Male,"{'배낭, 검정색 맨투맨, 검정색 바지'}"
203,"['Approach', 'None']","[1742600, 1756840]","[14240, 14080]",Adult,Male,"{'배낭, 검정색 맨투맨, 검정색 바지'}"
204,"['Approach', 'Touch']","[1311400, 1315720]","[4320, 13520]",Child,Female,"{'보라색 상의, 흰색 조끼, 보라색 바지'}"
205,"['Approach', 'None', 'Approach', 'None', 'Approach', 'None']","[438640, 440880, 463040, 467600, 504000, 508400]","[2240, 22160, 4560, 36400, 4400, 23680]",Adult,Female,"{'크로스백, 흰색 상의, 검정색 조끼, 검정색 바지'}"
206,"['Approach', 'Touch', 'None']","[666120, 669960, 671400]","[3840, 1440, 20400]",Adult,Female,"{'크로스백, 흰색 상의, 검정색 조끼, 검정색 바지'}"
207,"['Approach', 'None', 'Approach', 'None']","[965040, 978560, 1039840, 1044800]","[13520, 61280, 4960, 28560]",Adult,Female,"{'크로스백, 흰색 상의, 검정색 조끼, 검정색 바지'}"
208,"['Approach', 'None', 'Approach', 'None']","[1713160, 1726120, 1752840, 1756040]","[12960, 26720, 3200, 16160]",Adult,Female,"{'크로스백, 흰색 상의, 검정색 조끼, 검정색 바지'}"
209,"['Approach', 'Touch', 'None', 'Approach', 'None', 'Touch', 'None', 'Approach', 'Touch', 'None', 'Touch', 'None', 'Touch', 'None', 'Approach', 'None', 'Approach', 'Touch', 'None']","[440800, 443600, 455840, 465480, 468040, 471480, 473560, 489320, 491720, 495240, 498520, 514280, 517800, 520440, 525880, 528520, 532520, 535320, 536680]","[2800, 12320, 8480, 2560, 3440, 2080, 15760, 2400, 3520, 3280, 15760, 3520, 2640, 3680, 2640, 4000, 2800, 1360, 15920]",Child,Male,"{'검정색 크로스백, 회색 상의, 검정색 바지'}"
210,"['Approach', 'Touch']","[668800, 670000]","[1200, 22160]",Child,Male,"{'검정색 크로스백, 회색 상의, 검정색 바지'}"
211,"['Approach', 'None', 'Approach', 'None', 'Approach', 'Touch', 'None']","[963360, 978880, 1003680, 1006880, 1037680, 1040320, 1057760]","[15520, 24800, 3200, 30800, 2640, 17440, 15840]",Child,Male,"{'검정색 크로스백, 회색 상의, 검정색 바지'}"
212,"['Approach', 'Touch', 'None', 'Touch']","[1712360, 1719400, 1725960, 1737240]","[7040, 6560, 11280, 10400]",Child,Male,"{'검정색 크로스백, 회색 상의, 검정색 바지'}"
213,"['Approach', 'None', 'Touch', 'None', 'Touch', 'None', 'Approach', 'Touch', 'None', 'Touch', 'None', 'Touch', 'None', 'Touch', 'None', 'Gesture', 'None']","[439600, 446800, 468400, 472880, 481360, 485520, 489120, 490480, 492560, 500560, 503440, 507680, 510720, 521520, 523280, 527280, 530080]","[7200, 21600, 4480, 8480, 4160, 2400, 1360, 2080, 8000, 2880, 4240, 3040, 10800, 1760, 4000, 2800, 3600]",Child,Female,"{'검정색 크로스백, 회색 상의, 흰색 바지'}"
214,"['Approach', 'None', 'Approach', 'Touch']","[550080, 553040, 566080, 567120]","[2960, 12320, 1040, 3600]",Child,Female,"{'검정색 크로스백, 회색 상의, 흰색 바지'}"
215,"['Approach', 'None', 'Touch']","[573200, 575760, 579200]","[2560, 3440, 3360]",Child,Female,"{'검정색 크로스백, 회색 상의, 흰색 바지'}"
216,"['Approach', 'None', 'Gesture', 'None']","[668320, 676720, 677920, 684880]","[8400, 1200, 5840, 7680]",Child,Female,"{'검정색 크로스백, 회색 상의, 흰색 바지'}"
217,"['Approach', 'Avoid', 'Follow']","[1780120, 1783160, 1787800]","[3040, 4640, 15440]",Child,Female,"{'검정색 크로스백, 회색 상의, 흰색 바지'}"
218,"['Approach', 'None', 'Gesture', 'None', 'Gesture', 'None', 'Gesture', 'None', 'Gesture', 'None', 'Touch', 'None']","[462800, 470240, 491280, 495520, 497440, 501200, 503280, 506560, 509200, 512160, 521440, 525360]","[7440, 21040, 4240, 1920, 3760, 2080, 3280, 2640, 2960, 9280, 3760, 8560]",Adult,Male,"{'검정색 마스크, 검정색 상의, 청바지, 검정색 운동화'}"
219,"['Approach', 'None']","[554080, 557600]","[3520, 9520]",Adult,Male,"{'검정색 마스크, 검정색 상의, 청바지, 검정색 운동화'}"
220,"['Approach', 'None']","[682240, 687200]","[4960, 2400]",Adult,Male,"{'검정색 마스크, 검정색 상의, 청바지, 검정색 운동화'}"
221,"['Approach', 'Touch', 'None', 'Touch', 'None', 'Gesture', 'None']","[719320, 731320, 733720, 747080, 748760, 756360, 759560]","[12000, 2400, 13360, 1680, 7600, 3200, 2560]",Adult,Female,"{'베이지색 가방, 아이보리색 점퍼, 검정 치마'}"
222,"['Approach', 'None', 'Approach', 'Touch', 'None', 'Touch', 'None']","[729040, 732880, 735600, 737520, 740480, 760640, 766160]","[3840, 2720, 1920, 2960, 20160, 5520, 14640]",Adult,Male,"{'검정색 상의, 회색 바지'}"
223,"['Approach', 'Touch']","[809760, 815280]","[5520, 2560]",Adult,Male,"{'검정색 상의, 회색 바지'}"
224,"['Approach', 'None', 'None', 'Touch', 'None', 'Touch', 'None', 'Gesture', 'None']","[730720, 731200, 734160, 746160, 751280, 765840, 770880, 772880, 776640]","[3440, 33920, 12000, 5120, 14560, 5040, 2000, 3760, 7760]",Child,Male,"{'검정 상의(흰색 모자), 검정색 바지'}"
225,"['Approach', 'None', 'Follow']","[1768040, 1772440, 1791480]","[4400, 19040, 9040]",Adult,Male,"{'검정색 모자, 검정색 상의, 흰색 줄무늬 검정색 바지'}"
226,"['Approach', 'Gesture', 'None']","[870640, 874480, 879760]","[3840, 5280, 12160]",Child,Female,"{'빨간색 체크무늬 상의, 검정색 바지'}"
227,"['Approach', 'Touch', 'None']","[871680, 873920, 876320]","[2240, 2400, 5440]",Child,Male,"{'검정색 점퍼, 회색 바지, 흰색 운동화'}"
228,"['Approach', 'Touch', 'None', 'Approach', 'Touch', 'None', 'Touch', 'None', 'Touch', 'None', 'Avoid', 'None']","[1122240, 1130680, 1134680, 1157400, 1161160, 1165080, 1172360, 1178840, 1190920, 1195240, 1227720, 1231880]","[8440, 4000, 22720, 3760, 3920, 7280, 6480, 12080, 4320, 32480, 4320, 17360]",Adult,Female,"{'회색 가방, 회색 맨투맨, 검정바지'}"
229,"['Approach', 'None']","[1045920, 1052960]","[7040, 36960]",Child,Male,"{'검정색 가디건(흰색 무늬), 청바지, 흰색 운동화'}"
230,"['Approach', 'None', 'Touch', 'None']","[1124400, 1131280, 1132800, 1141360]","[6880, 1520, 8560, 41280]",Child,Male,"{'검정색 가디건(흰색 무늬), 청바지, 흰색 운동화'}"
231,"['Approach', 'None', 'Touch', 'None']","[1185960, 1193960, 1200520, 1202760]","[8000, 6560, 2240, 15440]",Child,Male,"{'검정색 가디건(흰색 무늬), 청바지, 흰색 운동화'}"
232,"['Approach', 'Touch', 'None', 'Touch', 'None', 'Touch', 'None']","[972000, 974160, 991680, 1010800, 1025920, 1028240, 1030400]","[2160, 17520, 19120, 15120, 2320, 2160, 10400]",Child,Male,"{'검정색 점퍼, 민트색 상의, 청바지'}"
233,"['Approach', 'None', 'Touch', 'None', 'Touch', 'None', 'Approach', 'Gesture', 'None']","[1125960, 1130360, 1131960, 1135800, 1136680, 1140600, 1162200, 1163480, 1169960]","[4400, 1600, 2800, 880, 3920, 19680, 1280, 6480, 13520]",Child,Male,"{'검정색 점퍼, 민트색 상의, 청바지'}"
234,"['Approach', 'None', 'Touch', 'None']","[1186520, 1193960, 1201320, 1203320]","[7440, 7360, 2000, 14960]",Child,Male,"{'검정색 점퍼, 민트색 상의, 청바지'}"
235,"['Approach', 'Touch', 'Approach', 'None']","[1290200, 1293400, 1317000, 1319000]","[3200, 22960, 1840, 8400]",Child,Male,"{'검정색 점퍼, 민트색 상의, 청바지'}"
236,"['Approach', 'Touch', 'None', 'Touch']","[1730360, 1734440, 1739320, 1740440]","[4080, 4960, 1120, 7760]",Child,Male,"{'검정색 점퍼, 민트색 상의, 청바지'}"
237,"['Approach', 'None']","[1268080, 1275280]","[7200, 8480]",Child,Male,"{'검정색 후드, 분홍색 바지, 검정색 운동화'}"
238,"['Approach', 'None']","[1299840, 1305040]","[5200, 1760]",Child,Male,"{'검정색 후드, 분홍색 바지, 검정색 운동화'}"
239,"['Approach', 'Gesture']","[1634840, 1638360]","[3520, 2640]",Child,Male,"{'검정색 후드, 분홍색 바지, 검정색 운동화'}"
240,"['Approach', 'None', 'Gesture', 'None', 'Gesture']","[1643480, 1646440, 1647880, 1654120, 1659320]","[2960, 1440, 6240, 5200, 8440]",Child,Male,"{'검정색 후드, 분홍색 바지, 검정색 운동화'}"
241,"['Approach', 'None']","[1756120, 1761480]","[5360, 7920]",Child,Male,"{'검정색 후드, 분홍색 바지, 검정색 운동화'}"
242,"['Approach', 'Gesture', 'None', 'Gesture', 'None']","[1268080, 1272560, 1275680, 1277760, 1281680]","[8080, 3120, 2080, 3920, 3120]",Child,Female,"{'흰색 조끼, 분홍색 바지'}"
243,"['Approach', 'None']","[1755080, 1760680]","[5600, 11840]",Child,Female,"{'흰색 조끼, 분홍색 바지'}"
244,"['Approach', 'None']","[1103360, 1122400]","[19040, 11840]",Adult,Female,"{'분홍색 상의, 분홍색 바지'}"
245,"['Approach', 'None']","[1742680, 1758280]","[15600, 10480]",Adult,Female,"{'분홍색 상의, 분홍색 바지'}"
246,"['Approach', 'None']","[1040120, 1050200]","[10080, 131200]",Adult,Male,"{'차콜색 맨투맨, 검정색 바지, 흰색 운동화'}"
247,"['Approach', 'None', 'Avoid']","[1186000, 1192320, 1230480]","[6320, 38160, 5760]",Adult,Male,"{'차콜색 맨투맨, 검정색 바지, 흰색 운동화'}"
248,"['Approach', 'None']","[869120, 879360]","[10240, 19200]",Adult,Female,"{'흰색 가방, 모자, 검정색 상의, 검정색 바지'}"
249,"['Approach', 'None']","[60320, 68160]","[7840, 1760]",Child,Male,"{'검정색 점퍼, 회색 바지, 흰색 운동화'}"
250,"['Approach', 'Gesture', 'None']","[2606200, 2608520, 2611720]","[2320, 3200, 28320]",Child,Male,"{'검정색 점퍼, 회색 바지, 흰색 운동화'}"
251,"['Approach', 'None', 'Approach', 'None']","[2655240, 2657800, 2665520, 2675520]","[2560, 6720, 10080, 22000]",Child,Male,"{'검정색 점퍼, 회색 바지, 흰색 운동화'}"
252,"['Approach', 'None']","[2710240, 2715920]","[5680, 38240]",Child,Male,"{'검정색 점퍼, 회색 바지, 흰색 운동화'}"
253,"['Approach', 'None']","[2765120, 2770080]","[4960, 8320]",Child,Male,"{'검정색 점퍼, 회색 바지, 흰색 운동화'}"
254,"['Approach', 'None', 'Approach', 'None', 'Approach', 'None', 'Approach', 'None']","[2631320, 2636840, 2652760, 2654920, 2667160, 2672120, 2699480, 2701640]","[5520, 15920, 2160, 12240, 4720, 27360, 2160, 12960]",Adult,Male,"{'검정색 모자, 검정색 상의, 흰색 줄무늬 검정색 바지'}"
255,"['Approach', 'None', 'None', 'Touch']","[2718360, 2721720, 2724240, 2724720]","[3360, 3000, 16000, 0]",Adult,Male,"{'검정색 모자, 검정색 상의, 흰색 줄무늬 검정색 바지'}"
256,"['Approach', 'None', 'Touch', 'None']","[2740160, 2743280, 2752480, 2756080]","[3120, 9200, 3600, 9840]",Adult,Male,"{'검정색 모자, 검정색 상의, 흰색 줄무늬 검정색 바지'}"
257,"['Approach', 'None']","[2768080, 2772560]","[4480, 18240]",Adult,Male,"{'검정색 모자, 검정색 상의, 흰색 줄무늬 검정색 바지'}"
258,"['Approach', 'None', 'Approach', 'None', 'Touch', 'None', 'Touch', 'None']","[2603800, 2609240, 2764440, 2769800, 2773080, 2776120, 2778040, 2784760]","[5440, 155200, 5360, 3280, 3040, 1920, 6720, 5680]",Child,Female,"{'빨간색 체크무늬 상의, 검정색 바지'}"
259,"['Approach', 'None']","[2678640, 2692000]","[13360, 15360]",Child,Female,"{'흰색 조끼, 분홍색 바지'}"
260,"['Approach', 'None']","[2675400, 2689400]","[14000, 17040]",Adult,Female,"{'분홍색 상의, 분홍색 바지'}"
261,"['Approach', 'None', 'Approach', 'None', 'Approach', 'None']","[2621000, 2634280, 2661960, 2668840, 2764760, 2777640]","[13280, 27680, 6880, 95920, 12880, 13880]",Adult,Female,"{'묶은 머리, 흰색 가방, 검정색 상의, 검정색 바지'}"
262,"['Approach', 'None']","[219600, 228320]","[8720, 3040]",Adult,Female,"{'흰색 점퍼, 청바지'}"
263,"['Approach', 'None']","[219360, 225200]","[5840, 6160]",Adult,Male,"{'검정 모자, 검정 상의, 검정 바지'}"
264,"['Approach', 'None']","[220640, 228880]","[8240, 3040]",Child,Male,"{'회색 점퍼, 청바지'}"
265,"['Approach', 'None']","[218240, 223920]","[5680, 9200]",Child,Male,"{'베이지색 상의, 회색 바지'}"
266,"['Approach', 'None', 'Approach', 'None']","[1252920, 1267720, 1273720, 1282360]","[14800, 6000, 8640, 34400]",Adult,Female,"{'회색 후드, 청바지'}"
267,"['Approach', 'Gesture', 'Approach', 'None']","[1253520, 1266480, 1274160, 1280880]","[12960, 7680, 6720, 10640]",Adult,Male,"{'회색 후드, 흰색 상의, 청바지'}"
268,"['Approach', 'None', 'Touch']","[1282080, 1286160, 1287920]","[4080, 1760, 28960]",Child,Male,"{'체크무늬 상의, 청바지'}"
269,"['Approach', 'None', 'Follow']","[1237280, 1245760, 1260800]","[8480, 15040, 13920]",Adult,Female,"{'흰색 점퍼, 청바지'}"
270,"['Approach', 'None', 'Follow']","[1243920, 1250960, 1261520]","[7040, 10560, 9600]",Adult,Male,"{'검정 모자, 검정 상의, 검정 바지'}"
271,"['Approach', 'None', 'Avoid', 'Follow']","[1239840, 1247840, 1255680, 1259920]","[8000, 7840, 4240, 9840]",Child,Male,"{'회색 점퍼, 청바지'}"
272,"['Approach', 'None', 'Avoid', 'Follow']","[1242120, 1248040, 1254760, 1260600]","[5920, 6720, 5840, 12320]",Child,Male,"{'베이지색 상의, 회색 바지'}"
273,"['Approach', 'Touch', 'None', 'Avoid', 'Approach', 'Gesture', 'None']","[2220680, 2235560, 2239720, 2244520, 2249080, 2254680, 2257400]","[14880, 4160, 4800, 3680, 5600, 2720, 6560]",Adult,Male,"{'갈색 점퍼, 회색 상의, 청바지'}"
274,"['Approach', 'None', 'Touch', 'None', 'Touch', 'None']","[2266040, 2271800, 2273400, 2275320, 2280120, 2283160]","[5760, 1600, 1920, 4800, 3040, 2080]",Adult,Male,"{'갈색 점퍼, 회색 상의, 청바지'}"
275,"['Approach', 'None']","[2380400, 2386800]","[6400, 2240]",Adult,Male,"{'갈색 점퍼, 회색 상의, 청바지'}"
276,"['Approach', 'None']","[2421280, 2428240]","[6960, 2160]",Adult,Male,"{'갈색 점퍼, 회색 상의, 청바지'}"
277,"['Approach', 'Gesture', 'None', 'Avoid', 'Approach', 'Gesture', 'Approach', 'Gesture', 'None', 'Gesture', 'None', 'Avoid', 'Avoid', 'Follow', 'Approach', 'Touch', 'None']","[2218480, 2228480, 2233280, 2233840, 2235600, 2237920, 2247760, 2249440, 2253360, 2257280, 2259680, 2260880, 2263040, 2263280, 2266000, 2267520, 2271520]","[10000, 4800, 560, 1760, 2320, 9840, 1680, 3920, 3920, 2400, 1200, 2160, 240, 2720, 1520, 4000, 10320]",Child,Male,"{'흰색 상의, 회색 바지'}"
278,"['Approach', 'Touch', 'None']","[2295520, 2300000, 2307520]","[4480, 7520, 25280]",Child,Male,"{'흰색 상의, 회색 바지'}"
279,"['Approach', 'None']","[2368080, 2372800]","[4720, 46160]",Child,Male,"{'흰색 상의, 회색 바지'}"
280,"['Approach', 'None']","[2431600, 2435360]","[3760, 2480]",Child,Male,"{'흰색 상의, 회색 바지'}"
281,"['Approach', 'Touch', 'None']","[2591040, 2597040, 2603360]","[6000, 6320, 10880]",Child,Male,"{'흰색 상의, 회색 바지'}"
282,"['Approach', 'Gesture', 'None']","[448280, 463640, 467160]","[15360, 3520, 17760]",Adult,Female,"{'검은색 상의, 체크무늬 바지'}"
283,"['Approach', 'Gesture', 'None']","[446840, 463000, 465960]","[16160, 2960, 19760]",Child,Male,"{'검은색 점퍼, 흰색 바지'}"
284,"['Approach', 'None', 'Gesture', 'None', 'Touch', 'None']","[448040, 465400, 467560, 469800, 471000, 472840]","[17360, 2160, 2240, 1200, 1840, 13200]",Child,Male,"{'검은색 점퍼, 검은색 바지, 불빛나는 신발'}"
285,"['Approach', 'None']","[1295840, 1302000]","[6160, 3040]",Adult,Female,"{'크로스백, 흰색 상의, 검은색 바지'}"
286,"['Approach', 'None', 'Gesture', 'None', 'Touch', 'None']","[487280, 490800, 500800, 510000, 510640, 512560]","[4160, 10000, 9200, 640, 1920, 6880]",Child,Male,"{'회색 상의, 회색 바지'}"
287,"['Approach', 'None']","[1269680, 1276480]","[6800, 29200]",Child,Male,"{'회색 상의, 회색 바지'}"
288,"['Approach', 'None', 'Approach', 'Touch', 'None', 'Gesture']","[1367560, 1373240, 1376920, 1383560, 1393000, 1397160]","[5680, 3680, 6640, 9440, 4160, 2720]",Child,Male,"{'회색 상의, 회색 바지'}"
289,"['Approach', 'Touch', 'None']","[1542480, 1545360, 1549120]","[2880, 3760, 4640]",Child,Male,"{'회색 상의, 회색 바지'}"
290,"['Approach', 'None', 'Touch', 'None']","[1610800, 1619120, 1628880, 1635280]","[8320, 9760, 6400, 35840]",Child,Male,"{'회색 상의, 회색 바지'}"
291,"['Approach', 'Touch', 'None', 'Touch', 'None', 'Touch', 'None', 'Touch', 'None', 'Touch', 'None', 'Touch', 'None']","[1871760, 1886240, 1891200, 1903680, 1907680, 1911680, 1917200, 1920880, 1923440, 1928560, 1931200, 1934400, 1937840]","[15360, 4960, 12480, 4000, 4000, 5120, 3680, 2560, 5120, 2640, 3200, 3440, 5200]",Adult,Female,"{'크로스백, 흰색 점퍼, 검은색 바지'}"
292,"['Approach', 'None']","[1996320, 2002720]","[6400, 70720]",Adult,Female,"{'크로스백, 흰색 점퍼, 검은색 바지'}"
293,"['Approach', 'None']","[2087720, 2095080]","[7360, 27200]",Adult,Female,"{'크로스백, 흰색 점퍼, 검은색 바지'}"
294,"['Approach', 'None', 'Touch', 'None']","[2226760, 2237160, 2265880, 2280440]","[10400, 28720, 14560, 91280]",Adult,Female,"{'크로스백, 흰색 점퍼, 검은색 바지'}"
295,"['Approach', 'None']","[2593160, 2599480]","[6320, 43680]",Adult,Female,"{'크로스백, 흰색 점퍼, 검은색 바지'}"
296,"['Approach', 'None']","[2648440, 2656520]","[8080, 6640]",Adult,Female,"{'크로스백, 흰색 점퍼, 검은색 바지'}"
297,"['Approach', 'None']","[1920200, 1933240]","[13040, 6240]",Adult,Male,"{'체크 남방, 흰 티, 검은색 바지'}"
298,"['Approach', 'None', 'Touch', 'None', 'Touch', 'None', 'Touch', 'None']","[1969160, 1985480, 1999080, 2005080, 2018840, 2028200, 2031560, 2033480]","[16320, 13600, 6240, 13760, 9360, 3360, 1920, 17520]",Adult,Male,"{'체크 남방, 흰 티, 검은색 바지'}"
299,"['Approach', 'None']","[2057240, 2065160]","[8000, 18160]",Adult,Male,"{'체크 남방, 흰 티, 검은색 바지'}"
300,"['Approach', 'None', 'Touch', 'None', 'Touch', 'None']","[2948040, 2952680, 2956760, 2958840, 2963240, 2966120]","[4640, 4080, 2080, 4400, 2880, 6800]",Adult,Male,"{'체크 남방, 흰 티, 검은색 바지'}"
301,"['Approach', 'None', 'Approach', 'None']","[1873320, 1895480, 1925080, 1930680]","[22160, 28160, 5600, 8960]",Child,Male,"{'체크무늬 상의, 검은색 바지'}"
302,"['Approach', 'None']","[1969560, 1987080]","[17520, 64240]",Child,Male,"{'체크무늬 상의, 검은색 바지'}"
303,"['Approach', 'None']","[2193480, 2195800]","[2320, 8800]",Child,Male,"{'체크무늬 상의, 검은색 바지'}"
304,"['Approach', 'None']","[2548040, 2556120]","[8080, 16640]",Child,Male,"{'체크무늬 상의, 검은색 바지'}"
305,"['Approach', 'None']","[2594120, 2598360]","[4240, 38160]",Child,Male,"{'체크무늬 상의, 검은색 바지'}"
306,"['Approach', 'None']","[2649920, 2655120]","[5200, 5920]",Child,Male,"{'체크무늬 상의, 검은색 바지'}"
307,"['Approach', 'Touch']","[2941840, 2945360]","[3520, 25760]",Child,Male,"{'체크무늬 상의, 검은색 바지'}"
308,"['Approach', 'None', 'Approach', 'None']","[1874280, 1892120, 1894840, 1898200]","[17840, 2720, 3360, 34400]",Child,Female,"{'리본 핀, 흰색 원피스'}"
309,"['Approach', 'None']","[1983800, 1993720]","[9920, 90880]",Child,Female,"{'리본 핀, 흰색 원피스'}"
310,"['Approach', 'Touch', 'None', 'Touch', 'None', 'Touch']","[2141000, 2143160, 2160120, 2180920, 2184120, 2188120]","[2160, 16960, 20800, 3200, 4000, 11280]",Child,Female,"{'리본 핀, 흰색 원피스'}"
311,"['Approach', 'None']","[2229760, 2233200]","[3440, 30200]",Child,Female,"{'리본 핀, 흰색 원피스'}"
312,"['Approach', 'None', 'Approach', 'None']","[2538680, 2557480, 2568840, 2574520]","[18800, 10320, 5680, 2080]",Child,Female,"{'리본 핀, 흰색 원피스'}"
313,"['Approach', 'None']","[2596520, 2603240]","[6720, 40720]",Child,Female,"{'리본 핀, 흰색 원피스'}"
314,"['Approach', 'None']","[2652280, 2657560]","[5280, 3680]",Child,Female,"{'리본 핀, 흰색 원피스'}"
315,"['Approach', 'None', 'Approach', 'Touch', 'None']","[1900680, 1929080, 1942120, 1945160, 1954600]","[28400, 13040, 3040, 9440, 32080]",Adult,Male,"{'차콜색 상의, 검은색 조끼, 검은색 바지'}"
316,"['Approach', 'None']","[1992120, 1998760]","[6640, 12480]",Adult,Male,"{'차콜색 상의, 검은색 조끼, 검은색 바지'}"
317,"['Approach', 'None', 'Approach', 'None']","[2133480, 2147560, 2204680, 2210440]","[14080, 57120, 5760, 21600]",Adult,Male,"{'차콜색 상의, 검은색 조끼, 검은색 바지'}"
318,"['Approach', 'None', 'Approach', 'None', 'Approach', 'None']","[1903080, 1914600, 1918920, 1925400, 1943640, 1946040]","[11520, 4320, 6480, 18240, 2400, 40720]",Child,Female,"{'회색 상의, 분홍색 조끼, 회색 치마'}"
319,"['Approach', 'None']","[1989640, 1999800]","[10160, 13360]",Child,Female,"{'회색 상의, 분홍색 조끼, 회색 치마'}"
320,"['Approach', 'None', 'Approach', 'None']","[2133000, 2151640, 2226040, 2228200]","[18640, 74400, 2160, 3920]",Child,Female,"{'회색 상의, 분홍색 조끼, 회색 치마'}"
321,"['Approach', 'None']","[1913600, 1920240]","[6640, 23600]",Child,Female,"{'분홍색 상의, 베이지색 조끼, 분홍색 치마'}"
322,"['Approach', 'None', 'Approach', 'None']","[2133840, 2149520, 2221680, 2226400]","[15680, 72160, 4720, 9040]",Child,Female,"{'분홍색 상의, 베이지색 조끼, 분홍색 치마'}"
323,"['Approach', 'Touch', 'None', 'Touch', 'None', 'Touch', 'None', 'Touch', 'None', 'Touch', 'None']","[1871080, 1886760, 1892440, 1897960, 1908040, 1911720, 1916440, 1928200, 1931960, 1934520, 1937320]","[15680, 5680, 5520, 10080, 3680, 4720, 11760, 3760, 2560, 2800, 5840]",Adult,Female,"{'흰색 맨투맨, 검은색 바지'}"
324,"['Approach', 'None', 'Approach', 'None']","[1995320, 2000600, 2005880, 2008280]","[5280, 5280, 2400, 62080]",Adult,Female,"{'흰색 맨투맨, 검은색 바지'}"
325,"['Approach', 'None']","[2085320, 2087000]","[1680, 3920]",Adult,Female,"{'흰색 맨투맨, 검은색 바지'}"
326,"['Approach', 'None', 'Touch', 'None', 'Approach', 'None']","[2221880, 2237800, 2265160, 2280280, 2312360, 2315160]","[15920, 27360, 15120, 32080, 2800, 56560]",Adult,Female,"{'흰색 맨투맨, 검은색 바지'}"
327,"['Approach', 'Approach', 'None']","[2204400, 2219920, 2221040]","[16640, 4480, 0]",Adult,Male,"{'회색 상의, 회색 바지'}"
328,"['Approach', 'None', 'Touch', 'None', 'Approach', 'None']","[2252880, 2261040, 2294000, 2298480, 1872360, 1889960]","[8160, 32960, 4480, 74080, 17600, 17120]",Adult,Male,"{'회색 상의, 회색 바지'}"
329,"['Approach', 'None']","[2147000, 2156760]","[9760, 21040]",Child,Male,"{'회색 상의, 회색 바지'}"
330,"['Approach', 'Touch', 'None', 'Touch', 'None', 'Approach', 'Touch', 'None']","[2199400, 2207400, 2232120, 2264040, 2266760, 2294920, 2300200, 2305480]","[8000, 24720, 31920, 2720, 26480, 5280, 5280, 28480]",Child,Male,"{'회색 상의, 회색 바지'}"
331,"['Approach', 'None', 'Approach', 'None', 'Touch', 'None', 'Approach', 'None', 'Approach', 'None', 'Approach', 'Touch', 'None', 'Touch']","[2014600, 2023400, 2048840, 2052600, 2056760, 2058760, 2072680, 2076040, 2082520, 2085880, 2087160, 2089480, 2128760, 2130680]","[8800, 25440, 3760, 4160, 2000, 12320, 3360, 6480, 3360, 1280, 2320, 39280, 1920, 10880]",Adult,Male,"{'검은색 후드, 검은색 바지'}"
332,"['Approach', 'None', 'Approach', 'None', 'Approach', 'None', 'Approach', 'None', 'Touch', 'None', 'Touch', 'None', 'Touch', 'None', 'Touch', 'None', 'Touch', 'None', 'Approach', 'None', 'Approach', 'None', 'Touch', 'None', 'Touch', 'None', 'Touch', 'None']","[1948200, 1952200, 1953640, 1957000, 1967720, 1970440, 1973480, 1975800, 1985880, 1988040, 1997960, 2000920, 2009480, 2011960, 2046440, 2049560, 2056360, 2058920, 2072440, 2076040, 2083800, 2087000, 2104680, 2109800, 2112600, 2114760, 2118120, 2121960]","[4000, 1440, 3360, 10720, 2720, 3040, 2320, 10080, 2160, 9920, 2880, 8560, 2480, 34480, 3120, 6800, 2560, 11920, 3600, 6080, 3200, 17680, 5120, 2800, 2160, 3360, 3840, 13120]",Child,Male,"{'검은색 점퍼, 흰색 상의, 검은색 바지'}"
333,"['Approach', 'Touch']","[83600, 88560]","[4960, 17120]",Child,Male,"{'체크무늬 상의, 검은색 바지'}"
334,"['Approach', 'Touch']","[302840, 316200]","[13360, 27520]",Child,Male,"{'체크무늬 상의, 검은색 바지'}"
335,"['Approach', 'None']","[248400, 265680]","[17280, 16480]",Adult,Female,"{'보라색 상의, 청바지, 흰색 운동화'}"
336,"['Approach', 'None', 'Touch', 'None', 'Touch', 'None']","[252960, 258320, 260880, 279680, 285120, 288320]","[5360, 2560, 18800, 5440, 3200, 1760]",Adult,Male,"{'베이지색 상의, 청바지'}"
337,"['Approach', 'None']","[254880, 261200]","[6320, 29160]",Child,Female,"{'주황색/보라색 상의, 베이지색 바지'}"
338,"['Approach', 'None']","[523760, 526000]","[2240, 2160]",Adult,Male,"{'안경, 검은색 점퍼, 검은색 바지, 검은색 신발'}"
339,"['Approach', 'None', 'Touch', 'None', 'Touch', 'None', 'Touch', 'None', 'Touch', 'None', 'Touch', 'None', 'Approach', 'None']","[564000, 577040, 584560, 586720, 602080, 605520, 618400, 630800, 634960, 637280, 645040, 648240, 667760, 669920]","[13040, 7520, 2160, 15360, 3440, 12880, 12440, 4160, 2320, 7760, 3200, 19520, 2160, 8800]",Adult,Male,"{'검은색 백팩, 검은색 상의, 검은색 트레이닝 바지'}"
340,"['Approach', 'None', 'Approach', 'Touch', 'None', 'Touch', 'None', 'Approach', 'Touch', 'None', 'Touch', 'None', 'Approach', 'None', 'Touch', 'None']","[560080, 573440, 575600, 576960, 580320, 591120, 592800, 623440, 625360, 626960, 631120, 632800, 641360, 642640, 647280, 649360]","[13360, 2160, 1360, 3360, 10800, 1680, 29520, 1920, 1600, 4160, 1680, 8560, 1280, 4640, 2080, 17520]",Child,Male,"{'검은색 점퍼, 회색 바지, 빨간색 운동화'}"
341,"['Approach', 'None']","[605200, 610320]","[5120, 5280]",Child,Male,"{'하늘색/흰색 점퍼, 검은색 바지'}"
342,"['Approach', 'Gesture', 'None', 'Approach', 'Gesture', 'None']","[1824920, 1833000, 1838680, 1839640, 1841400, 1856040]","[8080, 5680, 960, 1760, 14640, 7680]",Child,Male,"{'회색 상의, 회색 바지'}"
343,"['Approach', 'None']","[1880200, 1882120]","[1920, 5440]",Child,Male,"{'회색 상의, 회색 바지'}"
344,"['Approach', 'Touch', 'None', 'Gesture', 'Touch', 'None', 'Gesture', 'Touch', 'None', 'Gesture', 'None', 'Touch', 'None', 'Approach', 'None', 'Gesture', 'Touch']","[1926120, 1928360, 1930280, 1953720, 1954920, 1956680, 1958120, 1969880, 1972200, 1994040, 1995480, 1996280, 1999800, 2002040, 2005240, 2005720, 2007240]","[2240, 1920, 23440, 1200, 1760, 1440, 11760, 2320, 21840, 1440, 800, 3520, 2240, 3200, 480, 1520, 1520]",Child,Male,"{'회색 상의, 회색 바지'}"
345,"['Approach', 'Touch', 'None', 'Touch', 'None', 'Touch', 'None', 'Touch', 'None', 'Touch', 'None', 'Touch', 'None', 'Approach', 'None']","[1820320, 1827120, 1834240, 1856160, 1858560, 1865280, 1870000, 1888360, 1890040, 1908280, 1911400, 1940440, 1942840, 1971160, 1975800]","[6800, 7120, 21920, 2400, 6720, 4720, 18360, 1680, 18280, 3120, 29040, 2400, 28720, 4640, 4240]",Child,Male,"{'민트색 상의, 검정색 조끼, 민트색 바지'}"
346,"['Approach', 'Touch', 'Gesture', 'Touch', 'None', 'Touch', 'None']","[2005800, 2011880, 2013960, 2021720, 2024760, 2033480, 2035240]","[6080, 2080, 7760, 3040, 8720, 1760, 33200]",Child,Male,"{'민트색 상의, 검정색 조끼, 민트색 바지'}"
347,"['Approach', 'None']","[2013240, 2025640]","[12400, 42800]",Adult,Female,"{'회색 상의, 베이지색 조끼, 회색 치마'}"
348,"['Approach', 'None', 'Touch', 'None', 'Touch', 'None', 'Touch', 'None']","[1817880, 1831400, 1844120, 1847240, 1860520, 1862360, 1864360, 1868280]","[13520, 12720, 3120, 13280, 1840, 2000, 4160, 17040]",Adult,Male,"{'흰색 상의, 베이지색 바지'}"
349,"['Approach', 'None']","[2287760, 2307920]","[20160, 3200]",Adult,Male,"{'남색 점퍼, 회색바지'}"
350,"['Approach', 'None']","[2377360, 2385440]","[8080, 72640]",Adult,Male,"{'남색 점퍼, 회색바지'}"
351,"['Approach', 'None', 'Gesture', 'None']","[1726880, 1734240, 1737520, 1740400]","[7360, 3280, 1760, 720]",Child,Female,"{'분홍색 점퍼, 분홍색 바지'}"
352,"['Approach', 'Touch', 'None']","[1748400, 1760400, 1764000]","[12000, 3600, 8400]",Child,Female,"{'분홍색 점퍼, 분홍색 바지'}"
353,"['Approach', 'None']","[2312320, 2315920]","[3600, 2080]",Child,Female,"{'분홍색 점퍼, 분홍색 바지'}"
354,"['Approach', 'None']","[2374880, 2378480]","[3600, 49360]",Child,Female,"{'분홍색 점퍼, 분홍색 바지'}"
355,"['Approach', 'None', 'Touch']","[2452640, 2456000, 2456400]","[3360, 400, 3440]",Child,Female,"{'분홍색 점퍼, 분홍색 바지'}"
356,"['Approach', 'None']","[2537120, 2541680]","[4560, 2880]",Child,Female,"{'크로스백, 검은색 롱패딩, 청바지'}"
357,"['Approach', 'None', 'Gesture', 'None', 'Gesture', 'None']","[2630280, 2637080, 2639640, 2641720, 2647560, 2650280]","[6800, 2560, 2080, 5840, 2720, 12480]",Adult,Female,"{'빨간색 롱패딩, 검은색 바지'}"
358,"['Approach', 'None', 'Approach', 'None']","[2628000, 2638720, 2639680, 2641760]","[10720, 960, 2080, 15120]",Adult,Male,"{'빨간색 패딩, 검은색바지'}"
359,"['Approach', 'None', 'Approach', 'None']","[2626760, 2638600, 2639720, 2643400]","[11840, 1120, 3680, 14640]",Child,Female,"{'분홍색 패딩, 검은색 바지'}"
360,"['Approach', 'Gesture']","[2779520, 2781840]","[2320, 4080]",Child,Female,"{'분홍색 패딩, 검은색 바지'}"
361,"['Approach', 'Touch', 'None']","[2606240, 2609280, 2611360]","[3040, 2080, 4880]",Child,Male,"{'검은색 패딩, 검은색 바지'}"
362,"['Approach', 'Touch', 'None', 'Touch', 'None', 'Touch']","[2628800, 2636800, 2639760, 2657200, 2677840, 2681760]","[8000, 2960, 17440, 20640, 3920, 16320]",Child,Male,"{'검은색 패딩, 검은색 바지'}"
363,"['Approach', 'Gesture']","[331680, 336720]","[5040, 1680]",Adult,Female,"{'빨간색 롱패딩, 검은색 바지'}"
364,"['Approach', 'Gesture']","[332800, 337840]","[5040, 3280]",Child,Female,"{'분홍색 패딩, 검은색 바지'}"
365,"['Approach', 'Gesture']","[335360, 339120]","[3760, 6060]",Child,Male,"{'검은색 패딩, 검은색 바지'}"
366,"['Approach', 'None', 'Touch', 'None']","[1453680, 1471680, 1493600, 1497280]","[18000, 21920, 3680, 24960]",Adult,Male,"{'빨간색 패딩, 검은색바지'}"
367,"['Approach', 'None', 'Approach', 'None', 'Approach', 'Touch', 'None', 'Touch', 'None', 'Approach', 'None', 'Approach', 'None', 'Approach', 'None', 'Touch', 'None', 'Approach', 'None', 'Approach', 'None', 'Avoid', 'None', 'Avoid', 'Approach', 'None', 'Avoid']","[1001040, 1015760, 1069640, 1073480, 1078120, 1078920, 1081720, 1105480, 1108360, 1120360, 1126200, 1149560, 1152920, 1158600, 1162600, 1163160, 1165960, 1173560, 1175000, 1189240, 1189800, 1224760, 1228040, 1228680, 1231000, 1234200, 1235880]","[14720, 53920, 3840, 4640, 800, 2800, 23760, 2880, 11600, 5840, 23400, 3360, 5680, 4000, 560, 2800, 7600, 1440, 14240, 560, 34960, 3280, 640, 2320, 3200, 1680, 3920]",Child,Female,"{'분홍색 패딩(흰색/검은색 상의), 검은색 바지'}"
368,"['Approach', 'None', 'Avoid', 'Approach', 'None', 'Avoid']","[1265320, 1271480, 1272280, 1273560, 1275640, 1276760]","[6160, 800, 1280, 2080, 1120, 2880]",Child,Female,"{'분홍색 패딩(흰색/검은색 상의), 검은색 바지'}"
369,"['Approach', 'Touch', 'None', 'Touch', 'None', 'Touch', 'None', 'Approach', 'Touch', 'None']","[990080, 994160, 1000880, 1021120, 1023440, 1035360, 1038000, 1052880, 1055520, 1057280]","[4080, 6720, 20240, 2320, 11920, 2640, 14880, 2640, 1760, 15280]",Child,Male,"{'검은색 패딩(빨간색 상의), 검은색 바지'}"
370,"['Approach', 'None', 'Approach', 'Touch', 'None']","[1080720, 1087120, 1089840, 1091440, 1092800]","[6400, 2720, 1600, 1360, 10400]",Child,Male,"{'검은색 패딩(빨간색 상의), 검은색 바지'}"
371,"['Approach', 'None', 'Approach', 'None', 'Approach', 'Touch', 'None', 'Touch', 'None']","[1116240, 1126800, 1133360, 1135920, 1137760, 1139840, 1141840, 1149840, 1152880]","[10560, 6560, 2560, 1840, 2080, 2000, 8000, 3040, 8160]",Child,Male,"{'검은색 패딩(빨간색 상의), 검은색 바지'}"
372,"['Approach', 'Touch', 'None', 'Touch', 'None', 'Touch', 'None', 'Avoid', 'Approach', 'None', 'Touch', 'Avoid', 'None', 'Follow', 'Touch', 'None', 'Avoid', 'None', 'Avoid', 'Follow', 'Gesture', 'Touch', 'Avoid', 'Follow', 'None', 'Avoid', 'None']","[1163040, 1172560, 1176000, 1185200, 1207440, 1224000, 1230160, 1237120, 1238240, 1240240, 1244800, 1251120, 1253680, 1262160, 1264160, 1268640, 1269840, 1273040, 1277360, 1279600, 1285200, 1289120, 1293120, 1300160, 1304960, 1309920, 1317920]","[9520, 3440, 9200, 22240, 16560, 6320, 6960, 1120, 2000, 4560, 6320, 2560, 8480, 2000, 4480, 1200, 3200, 4320, 2240, 5600, 3920, 4800, 7040, 4800, 4960, 8000, 11360]",Child,Male,"{'검은색 패딩(빨간색 상의), 검은색 바지'}"
373,"['Approach', 'Touch', 'None', 'Gesture', 'Touch', 'None', 'Touch', 'None', 'Touch', 'None', 'Touch']","[1453680, 1459360, 1464000, 1466240, 1469040, 1471840, 1473280, 1475680, 1504880, 1521360, 1529920]","[5680, 4640, 2240, 2800, 2800, 1440, 2400, 29200, 16480, 8560, 13520]",Child,Male,"{'검은색 패딩(빨간색 상의), 검은색 바지'}"
374,"['Approach', 'None']","[1108440, 1123720]","[15280, 19280]",Adult,Female,"{'검은색 롱패딩, 베이지색 바지'}"
375,"['Approach', 'Touch', 'None']","[1108440, 1121560, 1125240]","[13120, 2680, 13920]",Child,Female,"{'크로스백, 검은색 롱패딩, 청바지'}"
376,"['Approach', 'None']","[2234120, 2240520]","[6400, 1520]",Child,Male,"{'회색 상의, 검은색 바지'}"
377,"['Approach', 'None']","[466200, 469880]","[3680, 1840]",Child,Male,"{'빨간색 상의, 검은색 조끼 패딩, 검은색 바지'}"
378,"['Approach', 'Gesture']","[442800, 444800]","[2000, 1520]",Child,Male,"{'흰색/검은색 줄무늬 상의, 검은색 바지'}"
379,"['Approach', 'None']","[451120, 452480]","[1360, 480]",Child,Male,"{'흰색/검은색 줄무늬 상의, 검은색 바지'}"
380,"['Approach', 'None']","[463920, 465680]","[2080, 880]",Child,Male,"{'흰색/검은색 줄무늬 상의, 검은색 바지'}"
381,"['Approach', 'Gesture']","[472640, 474240]","[1600, 1680]",Child,Male,"{'흰색/검은색 줄무늬 상의, 검은색 바지'}"
382,"['Approach', 'Gesture']","[479920, 481840]","[1920, 4560]",Child,Male,"{'흰색/검은색 줄무늬 상의, 검은색 바지'}"
383,"['Approach', 'None']","[466040, 469240]","[3200, 4480]",Child,Male,"{'빨간색 패딩, 청바지'}"
384,"['Approach', 'None']","[477960, 481640]","[3680, 6560]",Adult,Female,"{'검은색 롱코트, 검은색 하의, 검은색 운동화'}"
385,"['Approach', 'None', 'Touch']","[2108960, 2122800, 2126400]","[13840, 3600, 7440]",Adult,Female,"{'검은색 롱코트, 검은색 하의, 검은색 운동화'}"
386,"['Approach', 'None']","[479640, 484200]","[4560, 4640]",Adult,Male,"{'검은색 자켓, 검은색 바지, 흰색 운동화'}"
387,"['Approach', 'None', 'Approach', 'None', 'Touch', 'None', 'Gesture']","[434680, 438680, 442440, 445160, 455880, 464360, 471480]","[4000, 3760, 2720, 10720, 8480, 7120, 2480]",Child,Male,"{'검은색 상의, 청바지'}"
388,"['Approach', 'None']","[2133920, 2142480]","[8560, 3200]",Child,Male,"{'검은색 상의, 청바지'}"
389,"['Approach', 'None']","[1987360, 1990320]","[2960, 1680]",Child,Female,"{'빨간색 체크무늬 패딩, 흰색 상의, 멜빵바지'}"
390,"['Approach', 'None']","[2085280, 2097200]","[11920, 5120]",Adult,Female,"{'크로스백, 베이지색 후드, 청바지'}"
391,"['Approach', 'Touch', 'None', 'Touch', 'None', 'Touch', 'None', 'Touch', 'None', 'Gesture', 'None', 'Touch', 'None', 'Touch', 'Touch', 'None']","[714480, 722480, 724480, 726000, 727840, 732960, 736400, 737280, 740080, 742960, 745520, 755040, 756880, 757680, 759840, 759920]","[8000, 2000, 1520, 1840, 5120, 3440, 880, 2800, 2880, 2560, 9520, 1840, 800, 2240, 5200, 0]",Adult,Female,"{'주황색 롱코트(분홍색 상의), 회색 하의'}"
392,"['Approach', 'Touch', 'None', 'Touch', 'None', 'Touch', 'None']","[716600, 729560, 737800, 740920, 757800, 760040, 765240]","[12960, 8240, 3120, 17120, 2240, 5200, 8080]",Child,Female,"{'빨간색 체크무늬 패딩, 흰색 상의, 멜빵바지'}"
393,"['Approach', 'None']","[1147960, 1150680]","[2720, 26800]",Adult,Female,"{'베이지색 자켓, 보라색 상의, 검은색 바지'}"
394,"['Approach', 'None', 'Touch', 'None', 'Touch', 'None', 'Touch', 'None']","[979600, 987200, 988800, 991040, 996320, 1002000, 1005840, 1008080]","[7600, 1600, 2240, 5280, 5680, 3840, 2240, 34720]",Child,Male,"{'검은색 상의, 검은색 바지, 검은색 운동화'}"
395,"['Approach', 'None', 'Approach', 'None']","[1053600, 1059520, 1066960, 1069280]","[5920, 7440, 2320, 5680]",Child,Male,"{'검은색 상의, 검은색 바지, 검은색 운동화'}"
396,"['Approach', 'Touch', 'None', 'Approach', 'Touch', 'None']","[1129000, 1136920, 1141800, 1159320, 1161000, 1162920]","[7920, 4880, 16800, 1680, 1920, 15040]",Child,Male,"{'검은색 상의, 검은색 바지, 검은색 운동화'}"
397,"['Approach', 'None', 'Approach', 'None']","[1022240, 1028800, 1044480, 1046720]","[6560, 15680, 2240, 28080]",Child,Male,"{'파란색 상의, 회색 바지, 검은색 운동화'}"
398,"['Approach', 'None', 'Touch', 'None']","[1131360, 1140960, 1161200, 1163440]","[9600, 20240, 2240, 15120]",Child,Male,"{'파란색 상의, 회색 바지, 검은색 운동화'}"
399,"['Approach', 'Gesture']","[714480, 718000]","[3520, 3920]",Child,Male,"{'주황색 패딩, 빨간색 땡땡의 상의, 바지'}"
400,"['Approach', 'None']","[743200, 749680]","[6480, 26560]",Child,Male,"{'주황색 패딩, 빨간색 땡땡의 상의, 바지'}"
401,"['Approach', 'None']","[1510520, 1520920]","[10400, 7360]",Adult,Female,"{'크로스백, 회색 자켓, 청바지'}"
402,"['Approach', 'None']","[1514040, 1526680]","[12640, 3040]",Child,Female,"{'분홍색 롱패딩, 흰색 하의, 분홍색 신발'}"
403,"['Approach', 'Follow']","[1749680, 1754560]","[4880, 3200]",Child,Male,"{'흰색/갈색 상의(하늘색 상의), 검은색 바지'}"
404,"['Approach', 'Touch', 'None', 'Touch', 'None', 'Touch', 'None', 'Gesture', 'Touch', 'Gesture', 'None', 'Approach', 'Touch', 'None', 'Touch', 'None', 'Touch', 'None', 'None']","[2433040, 2437280, 2440720, 2441840, 2444160, 2449600, 2452160, 2472800, 2490640, 2496880, 2509840, 523440, 533520, 544400, 559920, 566400, 567040, 572960, 2320]","[4240, 3440, 1120, 2320, 5440, 2560, 20640, 17840, 6240, 12960, 9600, 10080, 10880, 15520, 6480, 640, 5920, 5200, 10000]",Adult,Female,"{'크로스백, 베이지색 후드, 청바지'}"
405,"['Approach', 'None']","[1464800, 1471600]","[6800, 13600]",Adult,Male,"{'검은색 상의, 검은색 바지, 회색 운동화'}"
406,"['Approach', 'None']","[1464560, 1470960]","[6400, 11280]",Adult,Female,"{'체크무늬 상의, 갈색 바지'}"
407,"['Approach', 'None']","[1464080, 1471520]","[7440, 10800]",Child,Female,"{'갈색 상의, 파란색 바지'}"
408,"['Approach', 'None', 'Gesture', 'None', 'Gesture', 'None', 'Gesture', 'None', 'Approach', 'Gesture', 'None', 'Approach', 'Gesture']","[2445160, 2449240, 2452040, 2454920, 2459080, 2461160, 2462040, 2465400, 2467640, 2468760, 2471320, 2474680, 2476520]","[4080, 2800, 2880, 4160, 2080, 880, 3360, 2240, 1120, 2560, 3360, 1840, 2480]",Child,Male,"{'파란색 패딩, 검은색 바지'}"
409,"['Approach', 'None', 'Approach', 'None']","[2460360, 2465080, 2466120, 2469080]","[4720, 1040, 2960, 12240]",Adult,Male,"{'검은색 후드집업, 검은색 바지, 검은색 운동화'}"
410,"['Approach', 'Gesture']","[2839880, 2843160]","[3280, 2320]",Adult,Male,"{'검은색 후드집업, 검은색 바지, 검은색 운동화'}"
411,"['Approach', 'None']","[2553120, 2557200]","[4080, 14000]",Child,Female,"{'갈색 상의, 파란색 바지'}"
412,"['Approach', 'None', 'Approach', 'None']","[2580960, 2586160, 2638160, 2640880]","[5200, 52000, 2720, 7920]",Child,Female,"{'갈색 상의, 파란색 바지'}"
413,"['Approach', 'None']","[2680480, 2685840]","[5360, 16720]",Child,Female,"{'갈색 상의, 파란색 바지'}"
414,"['Approach', 'None']","[2733120, 2735520]","[2400, 6400]",Child,Female,"{'갈색 상의, 파란색 바지'}"
415,"['Approach', 'None', 'Touch', 'None', 'Touch', 'None', 'Touch', 'None', 'Approach', 'Touch', 'None', 'Touch', 'None', 'Touch', 'None']","[2530320, 2546240, 2558880, 2563840, 2574400, 2582080, 2597360, 2601680, 2613920, 2616400, 2618080, 2627120, 2631200, 2634400, 2637440]","[15920, 12640, 4960, 10560, 7680, 15280, 4320, 11120, 2480, 1680, 9040, 3680, 3200, 3040, 10800]",Adult,Female,"{'검은색 상의, 회색 상의, 검은색 바지'}"
416,"['Approach', 'None']","[2651280, 2659280]","[8000, 1600]",Adult,Female,"{'검은색 상의, 회색 상의, 검은색 바지'}"
417,"['Approach', 'Touch', 'None', 'Approach', 'Touch', 'None', 'Gesture', 'None', 'Approach', 'Touch', 'None']","[2530320, 2541840, 2545760, 2626720, 2628800, 2630560, 2638480, 2640640, 2662080, 2663840, 2664960]","[11520, 3920, 80960, 2080, 1760, 7920, 2160, 21440, 1760, 1120, 18640]",Child,Male,"{'파란색 패딩, 검은색 바지'}"
418,"['Approach', 'None']","[2700560, 2705120]","[4560, 1840]",Child,Male,"{'파란색 패딩, 검은색 바지'}"
419,"['Approach', 'Touch', 'None', 'Gesture', 'None', 'Gesture', 'None', 'Approach', 'Touch', 'None', 'Touch', 'None', 'Gesture', 'None', 'Approach', 'None', 'Approach', 'None', 'Touch', 'None', 'Touch', 'None', 'Touch', 'Gesture', 'None', 'Touch', 'None', 'Approach', 'None']","[2673840, 2687120, 2690080, 2691040, 2694240, 2695280, 2696960, 2701200, 2702720, 2707520, 2714880, 2716960, 2719280, 2721680, 2733920, 2736880, 2739600, 2742720, 2746080, 2747760, 2753200, 2759600, 2780480, 2783680, 2786720, 2793040, 2796720, 2797120, 2799360]","[13280, 2960, 960, 3200, 1040, 1680, 4240, 1520, 4800, 7360, 2080, 2320, 2400, 12240, 2960, 2720, 3120, 3360, 1680, 5440, 6400, 20880, 3200, 3040, 6320, 3680, 400, 2240, 7840]",Adult,Female,"{'체크무늬 상의, 갈색 치마'}"
420,"['Approach', 'Touch', 'None', 'Touch', 'None', 'Touch', 'None', 'Gesture', 'None', 'Touch', 'None']","[2834120, 2840440, 2854840, 2874520, 2882360, 2883880, 2890120, 2891640, 2893320, 2902200, 2905720]","[6320, 14400, 19680, 7840, 1520, 6240, 1520, 1680, 8880, 3520, 5840]",Adult,Female,"{'체크무늬 상의, 갈색 치마'}"
421,"['Approach', 'Touch', 'None', 'Touch', 'None', 'Touch', 'None']","[2916200, 2918840, 2927000, 2927720, 2929960, 2931960, 2935560]","[2640, 8160, 720, 2240, 2000, 3600, 12720]",Adult,Female,"{'체크무늬 상의, 갈색 치마'}"
422,"['Approach', 'None']","[2836720, 2842400]","[5680, 71040]",Adult,Male,"{'검은색 상의, 갈색 바지'}"
423,"['Approach', 'None']","[2310080, 2316320]","[6240, 8640]",Child,Male,"{'갈색 점퍼, 검은색 바지'}"
424,"['Approach', 'None', 'Touch', 'None']","[2676320, 2689200, 2716160, 2718400]","[12880, 26960, 2240, 23120]",Child,Male,"{'갈색 점퍼, 검은색 바지'}"
425,"['Approach', 'None', 'Touch', 'None', 'Approach', 'None']","[2754800, 2758000, 2763120, 2765120, 2780000, 2785600]","[3200, 5120, 2000, 14880, 5600, 18160]",Child,Male,"{'갈색 점퍼, 검은색 바지'}"
426,"['Approach', 'None', 'Approach', 'None', 'Touch', 'None', 'Touch', 'None', 'Gesture']","[2836320, 2845360, 2847280, 2849520, 2852640, 2854480, 2874800, 2877600, 2906640]","[9040, 1920, 2240, 3160, 1840, 20320, 2800, 29040, 3760]",Child,Male,"{'갈색 점퍼, 검은색 바지'}"
427,"['Approach', 'None']","[2547960, 2552280]","[4320, 32080]",Adult,Male,"{'검은색 후드집업, 검은색 바지, 검은색 운동화'}"
428,"['Approach', 'None', 'Approach', 'None', 'Approach', 'Gesture', 'None', 'Touch', 'None', 'Approach', 'Touch', 'None']","[2589560, 2592760, 2596440, 2600280, 2612760, 2615000, 2616920, 2638040, 2640360, 2647560, 2649400, 2651800]","[3200, 3680, 3840, 12480, 2240, 1920, 21120, 2320, 7200, 1840, 2400, 10800]",Adult,Male,"{'검은색 후드집업, 검은색 바지, 검은색 운동화'}"
429,"['Approach', 'None']","[2797560, 2807480]","[9920, 1280]",Child,Male,"{'검은색 점퍼, 흰색 상의, 검은색 바지'}"
430,"['Approach', 'None', 'Touch', 'None', 'Touch', 'None', 'Touch', 'None']","[2914120, 2923720, 2955320, 2959000, 3001240, 3003800, 3012200, 3018760]","[9600, 31600, 3680, 42240, 2560, 8400, 6560, 21280]",Child,Male,"{'검은색 점퍼, 흰색 상의, 검은색 바지'}"
431,"['Approach', 'None', 'Approach', 'None']","[2919960, 2925560, 2970520, 2977320]","[5600, 44960, 6800, 62720]",Child,Male,"{'검은색 점퍼, 파란색 상의, 갈색 바지'}"
432,"['Approach', 'None', 'Approach', 'None', 'Approach', 'None', 'Approach', 'None']","[2914320, 2925680, 2937600, 2942720, 2945680, 2949040, 2970080, 2974240]","[11360, 12480, 5120, 2960, 3360, 21040, 4160, 65760]",Adult,Female,"{'흰색 가방, 흰색 점퍼, 청바지'}"
433,"['Approach', 'None']","[2913880, 2919720]","[5840, 120320]",Adult,Female,"{'갈색 모자, 검은색 롱패딩, 베이지색 바지'}"
434,"['Approach', 'None', 'Approach', 'Touch', 'None', 'Touch', 'None', 'Touch', 'None', 'Touch', 'None']","[2915800, 2926840, 2949800, 2956560, 2958480, 2975280, 2979120, 2988400, 2990800, 3027600, 3029360]","[10160, 23000, 6760, 1920, 16800, 3840, 9280, 2400, 36800, 1760, 10640]",Adult,Male,"{'검은색 점퍼, 검은색 상의 위 흰색 무늬, 검은색 바지'}"
435,"['Approach', 'None', 'Gesture', 'None', 'Approach', 'Touch', 'None']","[2912960, 2915840, 2949760, 2953680, 2960560, 2962400, 2964560]","[2880, 33920, 3920, 6880, 1840, 2160, 75440]",Child,Male,"{'검은색 점퍼, 흰색 줄무늬 검은색 바지'}"
436,"['Approach', 'None']","[13360, 17760]","[4400, 7840]",Adult,Female,"{'체크무늬 상의, 갈색 치마'}"
437,"['Approach', 'None', 'Touch', 'None', 'Touch', 'None']","[43040, 55680, 84640, 87520, 89520, 97600]","[12640, 28960, 2880, 2000, 8080, 11200]",Adult,Female,"{'체크무늬 상의, 갈색 치마'}"
438,"['Approach', 'None', 'Approach', 'None', 'Touch', 'None', 'Touch', 'None', 'Gesture', 'None']","[112800, 116880, 149040, 151600, 158640, 164240, 172160, 174240, 192000, 195680]","[4080, 32160, 2560, 7040, 5600, 7920, 2080, 17760, 3680, 14560]",Adult,Female,"{'체크무늬 상의, 갈색 치마'}"
439,"['Approach', 'None', 'Approach', 'Follow', 'Approach', 'None']","[18680, 22520, 27480, 40360, 49800, 63880]","[3840, 4960, 12880, 9440, 14080, 152240]",Adult,Male,"{'검은색 상의, 갈색 바지'}"
440,"['Approach', 'None']","[10680, 17400]","[6720, 10800]",Child,Male,"{'갈색 점퍼, 검은색 바지'}"
441,"['Approach', 'None', 'Touch', 'None', 'Touch', 'None', 'Approach', 'None', 'Touch', 'None', 'Touch', 'None']","[44200, 56280, 58520, 61320, 92040, 96200, 104600, 108040, 123240, 127000, 177160, 181800]","[12080, 2240, 2800, 30720, 4160, 8400, 3440, 15200, 3760, 50160, 4640, 18880]",Child,Male,"{'갈색 점퍼, 검은색 바지'}"
442,"['Approach', 'Gesture']","[262760, 265320]","[2560, 3440]",Child,Male,"{'갈색 점퍼, 검은색 바지'}"
443,"['Follow', 'Avoid', 'None', 'Approach', 'None', 'Avoid', 'Follow', 'Approach', 'None']","[8320, 12880, 17360, 22640, 26000, 36400, 41120, 48320, 58240]","[4560, 4480, 5280, 3360, 10400, 4720, 7200, 9920, 1680]",Child,Male,"{'검은색 점퍼, 흰색 상의, 검은색 바지'}"
444,"['Approach', 'None', 'Touch', 'None', 'Touch']","[391840, 394720, 467040, 469760, 473840]","[2880, 72320, 2720, 4080, 2880]",Child,Male,"{'검은색 점퍼, 흰색 상의, 검은색 바지'}"
445,"['Approach', 'Touch', 'None', 'Touch', 'None', 'Touch', 'None', 'Touch']","[383120, 386640, 388160, 390240, 392560, 401600, 405280, 454720]","[3520, 1520, 2080, 2320, 9040, 3680, 49440, 1840]",Child,Male,"{'검은색 점퍼, 파란색 상의, 갈색 바지'}"
446,"['Avoid', 'None', 'Approach', 'None', 'Avoid', 'None']","[15120, 19120, 23600, 26720, 33360, 37120]","[4000, 4480, 3120, 6640, 3760, 11360]",Adult,Female,"{'흰색 가방, 흰색 점퍼, 청바지'}"
447,"['Approach', 'None']","[362880, 366240]","[3360, 21600]",Adult,Female,"{'흰색 가방, 흰색 점퍼, 청바지'}"
448,"['Approach', 'None', 'Approach', 'Follow']","[16240, 21040, 38720, 40160]","[4800, 17680, 1440, 4160]",Adult,Female,"{'갈색 모자, 검은색 롱패딩, 베이지색 바지'}"
449,"['Approach', 'None']","[52400, 62560]","[10160, 6640]",Adult,Female,"{'갈색 모자, 검은색 롱패딩, 베이지색 바지'}"
450,"['Approach', 'None']","[107120, 114960]","[7840, 10880]",Adult,Female,"{'갈색 모자, 검은색 롱패딩, 베이지색 바지'}"
451,"['Approach', 'None', 'Approach', 'None', 'Approach', 'Touch', 'None']","[363320, 370040, 414440, 419080, 428840, 431320, 433080]","[6720, 44400, 4640, 9760, 2480, 1760, 48800]",Adult,Female,"{'갈색 모자, 검은색 롱패딩, 베이지색 바지'}"
452,"['Approach', 'None']","[20160, 28160]","[8000, 2720]",Adult,Male,"{'검은색 점퍼, 검은색 상의 위 흰색 무늬, 검은색 바지'}"
453,"['Approach', 'None', 'Touch', 'None', 'Touch', 'None']","[398400, 404800, 414160, 416320, 423040, 427360]","[6400, 9360, 2160, 6720, 4320, 28400]",Adult,Male,"{'검은색 점퍼, 검은색 상의 위 흰색 무늬, 검은색 바지'}"
454,"['Avoid', 'Approach', 'None', 'Approach', 'Follow']","[11040, 15760, 19520, 36880, 39360]","[4720, 3760, 17360, 2480, 8560]",Child,Male,"{'검은색 점퍼, 흰색 줄무늬 검은색 바지'}"
455,"['Approach', 'None']","[50240, 55760]","[5520, 13840]",Child,Male,"{'검은색 점퍼, 흰색 줄무늬 검은색 바지'}"
456,"['Approach', 'Touch', 'None', 'Touch', 'None', 'Approach', 'None', 'Gesture', 'None']","[357680, 360880, 366560, 367120, 369840, 397520, 402160, 405760, 407680]","[3200, 5680, 560, 2720, 27680, 4640, 3600, 1920, 9440]",Child,Male,"{'검은색 점퍼, 흰색 줄무늬 검은색 바지'}"
457,"['Approach', 'None', 'Approach', 'Gesture']","[692800, 697600, 701680, 703600]","[4800, 4080, 1920, 3840]",Adult,Male,"{'흰색 상의, 검은색 바지'}"
458,"['Approach', 'Gesture']","[711600, 715360]","[3760, 3920]",Adult,Male,"{'흰색 상의, 검은색 바지'}"
459,"['Approach', 'None']","[1706560, 1714720]","[8160, 6880]",Child,Male,"{'흰색 후리스, 파란색 상의, 검은색 바지'}"
460,"['Approach', 'Touch', 'None', 'Touch', 'None', 'Touch', 'None', 'Touch', 'None', 'Touch', 'None', 'Touch', 'None', 'Touch', 'None', 'Touch']","[601840, 606720, 608960, 610000, 634000, 634480, 636640, 638400, 642240, 644480, 651120, 668560, 688160, 718880, 721920, 761840]","[4880, 2240, 1040, 24000, 480, 2160, 1760, 3840, 2240, 6640, 17440, 19600, 30720, 3040, 39920, 7760]",Child,Male,"{'파란색 상의, 흰색 조끼, 검은색 바지'}"
461,"['Approach', 'None']","[841920, 846960]","[5040, 31440]",Child,Male,"{'파란색 상의, 흰색 조끼, 검은색 바지'}"
462,"['Approach', 'None', 'Approach', 'None', 'Touch', 'None', 'Touch', 'None', 'Touch', 'None', 'Touch', 'None', 'Touch', 'None', 'Touch', 'None', 'Touch', 'None', 'Touch', 'None', 'Touch', 'None', 'Touch', 'None', 'Approach', 'Touch', 'None']","[910080, 915840, 918000, 920160, 942880, 946000, 946720, 980800, 994480, 998320, 1032480, 1034240, 1034720, 1044400, 1082400, 1094320, 1103280, 1109760, 1111600, 1134880, 1136560, 1143840, 1159200, 1161680, 1173200, 1174880, 1177360]","[4960, 2160, 2160, 22720, 3120, 720, 34080, 13680, 3840, 34160, 1760, 480, 9680, 38000, 11920, 8960, 6480, 1840, 23280, 1680, 7280, 15360, 2480, 11520, 1680, 2480, 2320]",Child,Male,"{'파란색 상의, 흰색 조끼, 검은색 바지'}"
463,"['Avoid', 'None', 'Approach', 'Gesture', 'Gesture', 'None']","[1213200, 1218000, 1236000, 1244320, 1246880, 1247200]","[5360, 18000, 8320, 2880, 3440, 0]",Child,Male,"{'파란색 상의, 흰색 조끼, 검은색 바지'}"
464,"['Approach', 'None', 'Approach', 'None', 'Gesture', 'None', 'Touch']","[609080, 619640, 628360, 631560, 636760, 641480, 654440]","[10560, 8720, 3200, 5200, 4720, 12960, 17600]",Adult,Female,"{'파란색 가방, 흰색 상의, 검은색 바지'}"
465,"['Approach', 'None', 'Touch', 'None', 'Gesture', 'None', 'Touch', 'None']","[1071520, 1075840, 1079600, 1083520, 1092160, 1094240, 1101280, 1103600]","[4320, 3760, 3920, 8640, 2080, 7040, 2320, 52960]",Adult,Female,"{'파란색 가방, 흰색 상의, 검은색 바지'}"
466,"['Approach', 'None', 'Gesture', 'None', 'Approach', 'Touch', 'None']","[1196160, 1201280, 1218960, 1223120, 1241680, 1246160, 1249520]","[5120, 17680, 4160, 18560, 4480, 3360, 4400]",Adult,Female,"{'파란색 가방, 흰색 상의, 검은색 바지'}"
467,"['Approach', 'None']","[606880, 616000]","[9120, 48240]",Adult,Male,"{'흰색 상의, 검은색 조끼, 흰색 바지'}"
468,"['Approach', 'None']","[687200, 690880]","[3680, 15840]",Adult,Male,"{'흰색 상의, 검은색 조끼, 흰색 바지'}"
469,"['Approach', 'None', 'Touch', 'None', 'Gesture', 'None', 'Touch', 'None', 'Gesture', 'None', 'Touch', 'None', 'Touch', 'None']","[885760, 891520, 918240, 922960, 939600, 943280, 943440, 946400, 947040, 950240, 962800, 965920, 978160, 980480]","[5760, 26720, 5200, 16640, 3680, 160, 2960, 640, 3200, 12560, 3120, 12240, 2320, 83760]",Adult,Male,"{'흰색 상의, 검은색 조끼, 흰색 바지'}"
470,"['Approach', 'None', 'Gesture', 'None']","[1080240, 1084880, 1187280, 1189520]","[4640, 102400, 2240, 29920]",Adult,Male,"{'흰색 상의, 검은색 조끼, 흰색 바지'}"
471,"['Approach', 'None', 'Approach', 'None', 'Touch', 'None', 'Touch']","[607520, 622800, 627280, 629200, 632720, 656800, 658320]","[15280, 4480, 1920, 3520, 24080, 1520, 7200]",Child,Male,"{'갈색 후리스, 검은색 바지'}"
472,"['Approach', 'None']","[686800, 692960]","[6160, 10880]",Child,Male,"{'갈색 후리스, 검은색 바지'}"
473,"['Approach', 'None']","[717680, 720720]","[3040, 15600]",Child,Male,"{'갈색 후리스, 검은색 바지'}"
474,"['Approach', 'None', 'Gesture', 'None', 'Approach', 'None', 'Touch', 'Gesture', 'None', 'Touch', 'None', 'Approach', 'Touch', 'None', 'Touch', 'None', 'Touch', 'None', 'Touch', 'None', 'Gesture', 'None', 'Touch', 'None', 'Gesture', 'None', 'Touch', 'None', 'Gesture', 'None']","[912560, 916160, 934800, 937440, 940400, 944960, 958640, 961600, 963280, 971520, 974960, 989440, 991120, 994640, 1009440, 1014640, 1028960, 1031600, 1055920, 1059040, 1069360, 1073920, 1120720, 1124880, 1125920, 1128400, 1135600, 1138640, 1210080, 1213200]","[3600, 18640, 2640, 2960, 4560, 13680, 2960, 1680, 8240, 3440, 14480, 1680, 3520, 14800, 5200, 14320, 2640, 24320, 3120, 10320, 4560, 46800, 4160, 1040, 2480, 7200, 3040, 71440, 3120, 4800]",Child,Male,"{'갈색 후리스, 검은색 바지'}"
475,"['Approach', 'None']","[1220080, 1222400]","[2320, 30720]",Child,Male,"{'갈색 후리스, 검은색 바지'}"
476,"['Approach', 'Touch', 'None', 'Touch', 'None']","[835520, 841600, 852560, 862480, 864800]","[6080, 10960, 9920, 2320, 16640]",Child,Male,"{'흰색 점퍼, 검은색 후드, 검은색 바지, 검은색 운동화'}"
477,"['Approach', 'Gesture']","[1155360, 1164400]","[9040, 1520]",Child,Male,"{'흰색 점퍼, 검은색 후드, 검은색 바지, 검은색 운동화'}"
478,"['Approach', 'None']","[1059680, 1066480]","[6800, 9520]",Child,Male,"{'흰색 점퍼, 검은색 후드, 검은색 바지, 회색 운동화'}"
479,"['Approach', 'None', 'Touch', 'None', 'Approach', 'Touch', 'None', 'Approach', 'None']","[1576400, 1588640, 1635760, 1639440, 1675280, 1677760, 1679680, 1698960, 1701760]","[12240, 47120, 3680, 35840, 2480, 1920, 18000, 2800, 5440]",Adult,Female,"{'검은색 패딩, 회색 상의, 회색 바지'}"
480,"['Approach', 'None', 'Approach', 'None']","[1729280, 1735360, 1768880, 1771040]","[6080, 33520, 2160, 10000]",Adult,Female,"{'검은색 패딩, 회색 상의, 회색 바지'}"
481,"['Approach', 'None']","[1573200, 1582960]","[9760, 135360]",Child,Female,"{'회색 롱패딩, 흰색 바지'}"
482,"['Approach', 'None', 'Approach', 'None', 'Approach', 'None']","[1727920, 1738320, 1744880, 1750160, 1755360, 1759920]","[10400, 6560, 5280, 5200, 4560, 20800]",Child,Female,"{'회색 롱패딩, 흰색 바지'}"
483,"['Approach', 'None', 'Gesture', 'None', 'Approach', 'None', 'Gesture', 'None', 'Gesture', 'None', 'Approach', 'None', 'Approach', 'None']","[1566960, 1574640, 1579840, 1582640, 1585040, 1590400, 1635760, 1637600, 1674000, 1680320, 1743120, 1746960, 1758640, 1763440]","[7680, 5200, 2800, 2400, 5360, 45360, 1840, 36400, 6320, 62800, 3840, 11680, 4800, 16480]",Child,Male,"{'검은색 롱패딩, 검은색 바지'}"
484,"['Approach', 'Touch']","[2730640, 2743280]","[12640, 4800]",Child,Male,"{'갈색 후리스, 검은색 바지'}"
